time,latitude,longitude,depth,mag,magType,nst,gap,dmin,rms,net,id,updated,place,type,horizontalError,depthError,magError,magNst,status,locationSource,magSource
2019-10-19T09:53:33.700Z,35.646,-117.4705,8.05,0.82,ml,17,51,0.04263,0.14,ci,ci38906983,2019-10-19T09:57:15.412Z,"15km SSW of Searles Valley, CA",earthquake,0.33,0.67,0.163,9,automatic,ci,ci
2019-10-19T09:53:28.859Z,66.3185,-157.4559,0,2.3,ml,,,,0.81,ak,ak019df2lnth,2019-10-19T09:58:35.522Z,"70km SSW of Kobuk, Alaska",earthquake,,0.4,,,automatic,ak,ak
2019-10-19T09:42:42.220Z,35.6173333,-117.4445,6.37,1.22,ml,24,77,0.03398,0.17,ci,ci38906975,2019-10-19T09:54:15.468Z,"17km SSW of Searles Valley, CA",earthquake,0.27,0.49,0.175,18,automatic,ci,ci
2019-10-19T09:41:49.945Z,60.3695,-147.9031,17,2.1,ml,,,,0.46,ak,ak019df2j4v1,2019-10-19T09:46:22.924Z,"62km SE of Whittier, Alaska",earthquake,,0.3,,,automatic,ak,ak
2019-10-19T09:29:25.194Z,35.72406769,-98.82735443,2.588226318,2.07,ml,13,82.71896362,0.1372727156,0.9250119048,ok,ok2019umke,2019-10-19T09:38:28.605Z,"7km WSW of Thomas, Oklahoma",earthquake,3.288092334,2.772384979,,9,automatic,ok,ok
2019-10-19T09:27:23.158Z,66.3185,-157.3088,2.9,1.3,ml,,,,0.43,ak,ak019df2g2r1,2019-10-19T09:37:00.684Z,"68km SSW of Kobuk, Alaska",earthquake,,0.6,,,automatic,ak,ak
2019-10-19T08:54:48.992Z,66.2104,-157.4008,0,1.5,ml,,,,0.66,ak,ak019df20hh1,2019-10-19T09:02:34.110Z,"81km SSW of Kobuk, Alaska",earthquake,,0.4,,,automatic,ak,ak
2019-10-19T08:54:08.750Z,37.6378326,-118.9173355,5.53,0.92,md,13,63,0.01641,0.01,nc,nc73294065,2019-10-19T09:08:03.718Z,"5km E of Mammoth Lakes, CA",earthquake,0.48,1.16,0.18,12,automatic,nc,nc
2019-10-19T08:51:44.440Z,66.3161,-157.4628,0,2.1,ml,,,,0.95,ak,ak019df1zu0e,2019-10-19T08:59:42.735Z,"70km SSW of Kobuk, Alaska",earthquake,,0.4,,,automatic,ak,ak
2019-10-19T08:51:02.300Z,36.7177,-115.9575,2,0.6,ml,10,187.7,0.025,0.15,nn,nn00707873,2019-10-19T08:54:26.593Z,"56km N of Pahrump, Nevada",earthquake,,15.1,,,automatic,nn,nn
2019-10-19T08:50:41.200Z,35.876,-117.7191667,6.76,1.17,ml,22,63,0.07687,0.1,ci,ci38906959,2019-10-19T08:54:28.609Z,"18km ESE of Little Lake, CA",earthquake,0.18,0.44,0.2,20,automatic,ci,ci
2019-10-19T08:46:57.830Z,36.0740013,-117.8568344,5.4,0.91,ml,8,159,0.04352,0.05,ci,ci38906951,2019-10-19T08:50:40.875Z,"9km ENE of Coso Junction, CA",earthquake,0.87,2.76,0.206,8,automatic,ci,ci
2019-10-19T08:40:13.240Z,-18.3126,-171.8344,10,5.3,mww,,93,1.96,0.89,us,us70005vw9,2019-10-19T09:00:22.040Z,"218km WNW of Alofi, Niue",earthquake,7.9,1.9,0.073,18,reviewed,us,us
2019-10-19T08:33:51.851Z,56.8428,-155.3143,8.1,2,ml,,,,0.7,ak,ak019df1vznr,2019-10-19T08:37:37.780Z,"112km SW of Larsen Bay, Alaska",earthquake,,2.4,,,automatic,ak,ak
2019-10-19T08:25:02.150Z,35.6633333,-117.4698333,10.84,0.82,ml,14,108,0.03762,0.2,ci,ci38906935,2019-10-19T08:28:36.896Z,"13km SSW of Searles Valley, CA",earthquake,0.6,0.95,0.165,8,automatic,ci,ci
2019-10-19T08:09:20.190Z,33.1115,-116.4248333,7.55,0.83,ml,14,127,0.1481,0.22,ci,ci38906927,2019-10-19T08:13:07.733Z,"17km SSW of Borrego Springs, CA",earthquake,0.56,2.38,0.13,10,automatic,ci,ci
2019-10-19T08:06:09.590Z,35.6361667,-117.4671667,3.85,1.07,ml,20,57,0.04198,0.17,ci,ci38906919,2019-10-19T08:09:50.380Z,"16km SSW of Searles Valley, CA",earthquake,0.26,0.51,0.196,13,automatic,ci,ci
2019-10-19T08:04:14.822Z,57.4749,-152.8165,25.7,2.2,ml,,,,0.5,ak,ak019df1pp3a,2019-10-19T08:08:52.682Z,"34km SSW of Kodiak Station, Alaska",earthquake,,0.4,,,automatic,ak,ak
2019-10-19T08:02:59.810Z,35.8813333,-117.7026667,2.78,0.68,ml,14,71,0.07883,0.13,ci,ci38906911,2019-10-19T08:06:33.764Z,"19km ESE of Little Lake, CA",earthquake,0.24,0.34,0.137,10,automatic,ci,ci
2019-10-19T07:58:34.410Z,33.4731667,-116.4433333,9.58,1.79,ml,64,39,0.05222,0.2,ci,ci38906903,2019-10-19T08:09:53.540Z,"23km ESE of Anza, CA",earthquake,0.2,0.4,0.203,27,automatic,ci,ci
2019-10-19T07:57:08.123Z,-17.5896,-69.4975,172.08,4.5,mb,,81,0.016,0.98,us,us70005vw2,2019-10-19T08:20:20.040Z,"58km ESE of Tarata, Peru",earthquake,6.9,6.1,0.131,17,reviewed,us,us
2019-10-19T07:52:42.760Z,33.3661667,-116.5773333,2.36,0.43,ml,15,104,0.1299,0.29,ci,ci38906895,2019-10-19T07:56:27.652Z,"11km NNE of Warner Springs, CA",earthquake,0.9,3.88,0.23,7,automatic,ci,ci
2019-10-19T07:47:30.210Z,19.3373337,-155.1380005,4.52,1.73,ml,47,115,0.04874,0.18,hv,hv71188466,2019-10-19T07:53:19.270Z,"14km SE of Volcano, Hawaii",earthquake,0.51,1.37,0.09,3,automatic,hv,hv
2019-10-19T07:45:41.260Z,35.609,-117.4768333,8.88,1.1,ml,20,60,0.01595,0.2,ci,ci38906887,2019-10-19T07:49:11.652Z,"18km E of Ridgecrest, CA",earthquake,0.37,0.54,0.204,14,automatic,ci,ci
2019-10-19T07:39:49.915Z,61.4424,-150.6765,51.7,1.4,ml,,,,0.58,ak,ak019df1bu6z,2019-10-19T07:42:16.972Z,"39km WSW of Big Lake, Alaska",earthquake,,1,,,automatic,ak,ak
2019-10-19T07:34:40.974Z,66.3323,-157.2153,6.8,1.4,ml,,,,0.4,ak,ak019df1aqxa,2019-10-19T07:47:28.335Z,"65km SSW of Kobuk, Alaska",earthquake,,0.4,,,automatic,ak,ak
2019-10-19T07:06:25.898Z,61.7422,-146.6072,13.9,2.5,ml,,,,0.91,ak,ak019df14ppb,2019-10-19T07:21:21.040Z,"69km NNW of Valdez, Alaska",earthquake,,0.3,,,automatic,ak,ak
2019-10-19T06:58:56.230Z,36.6226654,-121.2891693,7.43,1.66,md,13,105,0.02365,0.13,nc,nc73294045,2019-10-19T07:17:03.066Z,"16km NW of Pinnacles, CA",earthquake,0.49,1.1,0.24,11,automatic,nc,nc
2019-10-19T06:51:18.286Z,66.2911,-157.2786,4.6,2,ml,,,,0.47,ak,ak019df0swr8,2019-10-19T06:59:47.953Z,"70km SSW of Kobuk, Alaska",earthquake,,0.3,,,automatic,ak,ak
2019-10-19T06:45:42.700Z,35.9033333,-118.1301667,3.85,0.98,ml,7,202,0.2207,0.23,ci,ci38906879,2019-10-19T06:49:09.305Z,"20km W of Little Lake, CA",earthquake,2.88,31.61,0.27,9,automatic,ci,ci
2019-10-19T06:40:59.365Z,57.5413,-155.5326,62.3,1.7,ml,,,,0.55,ak,ak019df0qn24,2019-10-19T06:51:35.961Z,"93km W of Larsen Bay, Alaska",earthquake,,1.1,,,automatic,ak,ak
2019-10-19T06:37:58.041Z,60.629,-151.0996,56.9,1.4,ml,,,,0.59,ak,ak019df0pzvi,2019-10-19T06:44:13.401Z,"10km N of Ridgeway, Alaska",earthquake,,2.2,,,automatic,ak,ak
2019-10-19T06:30:48.240Z,36.6428337,-121.2573318,9.62,2.03,md,23,137,0.05608,0.05,nc,nc73294040,2019-10-19T06:43:02.867Z,"16km NW of Pinnacles, CA",earthquake,0.27,0.54,0.22,27,automatic,nc,nc
2019-10-19T06:27:50.110Z,35.8815,-117.6915,2.4,1.54,ml,24,77,0.07419,0.17,ci,ci38906871,2019-10-19T06:31:42.178Z,"20km ESE of Little Lake, CA",earthquake,0.22,0.31,0.135,27,automatic,ci,ci
2019-10-19T06:17:32.230Z,33.5963333,-116.6221667,12.36,0.69,ml,28,51,0.02191,0.16,ci,ci38906863,2019-10-19T06:21:10.176Z,"7km NE of Anza, CA",earthquake,0.25,0.42,0.139,19,automatic,ci,ci
2019-10-19T06:12:38.173Z,60.7434,-140.053,40.8,1.6,ml,,,,1.07,ak,ak019df0klbk,2019-10-19T06:15:48.209Z,"134km N of Yakutat, Alaska",earthquake,,0.4,,,automatic,ak,ak
2019-10-19T06:07:17.735Z,66.3261,-157.0479,0,1.9,ml,,,,1.14,ak,ak019df0jhds,2019-10-19T06:14:07.601Z,"65km S of Kobuk, Alaska",earthquake,,0.5,,,automatic,ak,ak
2019-10-19T06:02:23.570Z,33.4853333,-116.7965,5.7,0.54,ml,19,47,0.09393,0.11,ci,ci38906847,2019-10-19T06:06:06.900Z,"8km NE of Aguanga, CA",earthquake,0.21,1.11,0.151,15,automatic,ci,ci
2019-10-19T06:00:18.150Z,66.2568,-157.1649,3.9,1.5,ml,,,,0.54,ak,ak019df0hze9,2019-10-19T06:12:26.966Z,"73km S of Kobuk, Alaska",earthquake,,0.4,,,automatic,ak,ak
2019-10-19T05:55:52.982Z,66.2227,-157.1918,0,1.8,ml,,,,1.1,ak,ak019df08epr,2019-10-19T06:03:15.071Z,"77km S of Kobuk, Alaska",earthquake,,0.3,,,automatic,ak,ak
2019-10-19T05:51:26.155Z,66.3896,-157.2559,0,2.9,ml,,,,0.75,ak,ak019df07hr1,2019-10-19T06:35:51.040Z,"60km SSW of Kobuk, Alaska",earthquake,,0.6,,,automatic,ak,ak
2019-10-19T05:50:25.660Z,35.7056667,-117.5761667,8.23,1.99,ml,30,55,0.08364,0.18,ci,ci38906839,2019-10-19T05:54:10.820Z,"13km NE of Ridgecrest, CA",earthquake,0.26,0.8,0.159,26,automatic,ci,ci
2019-10-19T05:49:33.501Z,66.31,-157.4503,0,1.7,ml,,,,0.83,ak,ak019df072uv,2019-10-19T06:01:33.122Z,"71km SSW of Kobuk, Alaska",earthquake,,0.4,,,automatic,ak,ak
2019-10-19T05:28:24.577Z,66.333,-157.4508,0,2.3,ml,,,,0.69,ak,ak019df02k6s,2019-10-19T05:41:48.276Z,"68km SSW of Kobuk, Alaska",earthquake,,0.3,,,automatic,ak,ak
2019-10-19T05:22:35.810Z,35.9016667,-117.7385,9.15,0.84,ml,10,114,0.07999,0.06,ci,ci38906831,2019-10-19T05:26:20.164Z,"16km ESE of Little Lake, CA",earthquake,0.22,0.55,0.254,12,automatic,ci,ci
2019-10-19T05:19:44.093Z,66.2478,-157.39,9.7,1.4,ml,,,,1.14,ak,ak019df00o97,2019-10-19T05:26:23.607Z,"76km SSW of Kobuk, Alaska",earthquake,,0.3,,,automatic,ak,ak
2019-10-19T05:19:35.700Z,35.9021667,-117.7395,9.9,0.5,ml,8,114,0.07905,0.04,ci,ci38906823,2019-10-19T05:23:03.611Z,"16km ESE of Little Lake, CA",earthquake,0.19,0.61,0.191,4,automatic,ci,ci
2019-10-19T05:15:20.730Z,35.9031667,-117.7433333,7.71,0.88,ml,14,67,0.07596,0.09,ci,ci38906815,2019-10-19T05:18:47.039Z,"15km ESE of Little Lake, CA",earthquake,0.2,0.73,0.158,10,automatic,ci,ci
2019-10-19T05:13:59.169Z,66.3186,-157.228,0,1.7,ml,,,,1.44,ak,ak019dezzf4k,2019-10-19T05:24:42.535Z,"67km SSW of Kobuk, Alaska",earthquake,,0.5,,,automatic,ak,ak
2019-10-19T05:07:04.240Z,33.4818333,-116.7966667,4.51,0.62,ml,23,71,0.09698,0.18,ci,ci38906807,2019-10-19T05:10:48.992Z,"8km NE of Aguanga, CA",earthquake,0.28,0.58,0.152,17,automatic,ci,ci
2019-10-19T05:03:26.550Z,33.7043333,-116.7336667,17.1,0.93,ml,31,46,0.01763,0.21,ci,ci38906799,2019-10-19T05:07:12.966Z,"4km SSW of Idyllwild, CA",earthquake,0.34,0.58,0.168,29,automatic,ci,ci
2019-10-19T05:03:15.664Z,62.3271,-151.3131,86.1,2,ml,,,,0.42,ak,ak019dezx6k0,2019-10-19T05:11:18.208Z,"62km W of Talkeetna, Alaska",earthquake,,0.7,,,automatic,ak,ak
2019-10-19T05:03:11.223Z,66.2959,-157.2672,0.9,1.6,ml,,,,0.54,ak,ak019dezx69i,2019-10-19T05:13:59.024Z,"70km SSW of Kobuk, Alaska",earthquake,,0.4,,,automatic,ak,ak
2019-10-19T05:02:19.450Z,35.6741667,-117.4808333,4.55,0.89,ml,19,108,0.0474,0.2,ci,ci38906791,2019-10-19T05:05:57.541Z,"12km SW of Searles Valley, CA",earthquake,0.34,0.68,0.124,10,automatic,ci,ci
2019-10-19T04:55:20.540Z,35.6828333,-117.4891667,2.18,0.47,ml,13,127,0.05617,0.14,ci,ci38906663,2019-10-19T04:59:08.292Z,"12km SW of Searles Valley, CA",earthquake,0.34,0.45,0.038,7,automatic,ci,ci
2019-10-19T04:52:52.140Z,35.7056667,-117.5368333,10.46,1.19,ml,27,65,0.08749,0.17,ci,ci38906655,2019-10-19T05:26:30.267Z,"14km WSW of Searles Valley, CA",earthquake,0.35,0.68,0.135,16,automatic,ci,ci
2019-10-19T04:47:53.400Z,35.8245,-117.6341667,11.07,1.69,ml,29,50,0.03105,0.17,ci,ci38906647,2019-10-19T05:26:18.392Z,"22km WNW of Searles Valley, CA",earthquake,0.27,0.42,0.208,26,automatic,ci,ci
2019-10-19T04:44:20.630Z,33.4023333,-116.4088333,14.9,0.67,ml,26,109,0.0921,0.3,ci,ci38906639,2019-10-19T04:48:01.273Z,"17km N of Borrego Springs, CA",earthquake,0.62,0.86,0.091,19,automatic,ci,ci
2019-10-19T04:35:39.600Z,35.8271667,-117.6291667,10.74,0.95,ml,18,51,0.02814,0.19,ci,ci38906623,2019-10-19T04:39:33.221Z,"21km WNW of Searles Valley, CA",earthquake,0.43,0.72,0.196,12,automatic,ci,ci
2019-10-19T04:18:22.947Z,66.314,-157.4517,9.5,1.6,ml,,,,0.78,ak,ak019dezez8j,2019-10-19T04:28:28.654Z,"70km SSW of Kobuk, Alaska",earthquake,,0.4,,,automatic,ak,ak
2019-10-19T04:17:17.360Z,19.2076664,-155.442337,34.15,1.96,md,42,154,0.05173,0.13,hv,hv71188361,2019-10-19T04:20:30.720Z,"3km E of Pahala, Hawaii",earthquake,0.68,0.85,0.14,7,automatic,hv,hv
2019-10-19T04:13:28.852Z,66.4095,-157.4958,16.3,1.6,ml,,,,1.25,ak,ak019dezdx77,2019-10-19T04:26:47.941Z,"61km SSW of Kobuk, Alaska",earthquake,,0.6,,,automatic,ak,ak
2019-10-19T04:07:51.040Z,36.6223335,-121.2633362,12.93,1.48,md,9,81,0.04285,0.19,nc,nc73294015,2019-10-19T04:32:02.063Z,"15km NW of Pinnacles, CA",earthquake,1.02,1.34,0.36,7,automatic,nc,nc
2019-10-19T04:06:24.320Z,19.1958332,-155.4414978,34.11,1.91,md,47,152,0.05871,0.11,hv,hv71188356,2019-10-19T04:09:41.650Z,"4km ESE of Pahala, Hawaii",earthquake,0.6,0.84,0.12,7,automatic,hv,hv
2019-10-19T04:02:51.030Z,17.9461,-66.9858,15,1.54,md,3,315,0.0629,0.13,pr,pr2019292000,2019-10-19T07:29:42.716Z,"7km ESE of La Parguera, Puerto Rico",earthquake,1.89,1.37,0.22,3,reviewed,pr,pr
2019-10-19T04:01:07.780Z,19.4008331,-155.2863312,0.37,1.74,md,13,80,0.01298,0.08,hv,hv71188346,2019-10-19T04:04:06.790Z,"6km WSW of Volcano, Hawaii",earthquake,0.23,0.5,0.21,10,automatic,hv,hv
2019-10-19T03:48:57.905Z,60.1937,-150.9998,51,2.5,ml,,,,0.58,ak,ak019dez01te,2019-10-19T04:33:17.719Z,"25km SE of Cohoe, Alaska",earthquake,,0.9,,,automatic,ak,ak
2019-10-19T03:44:39.690Z,35.6621667,-117.5341667,7.92,1.76,ml,31,47,0.04912,0.14,ci,ci38906599,2019-10-19T03:55:46.400Z,"14km ENE of Ridgecrest, CA",earthquake,0.22,0.6,0.121,26,automatic,ci,ci
2019-10-19T03:39:12.000Z,36.1698341,-117.8799973,3.34,1.61,ml,15,149,0.05598,0.13,ci,ci38906591,2019-10-19T03:42:38.361Z,"15km NNE of Coso Junction, CA",earthquake,0.47,1,0.337,4,automatic,ci,ci
2019-10-19T03:38:59.451Z,35.71304703,-98.85028076,0.5909709334,2.63,ml,34,83.41061401,0.1476488709,0.9537879938,ok,ok2019ulyq,2019-10-19T03:49:47.040Z,"12km WSW of Thomas, Oklahoma",earthquake,2.209014107,1.729387208,,25,automatic,ok,ok
2019-10-19T03:38:54.802Z,63.561,-147.2844,15.4,1.6,ml,,,,0.68,ak,ak019deyxwg2,2019-10-19T03:45:47.481Z,"85km ENE of Cantwell, Alaska",earthquake,,0.4,,,automatic,ak,ak
2019-10-19T03:19:50.110Z,35.9125,-117.6903333,2.8,0.92,ml,17,62,0.04795,0.09,ci,ci38906575,2019-10-19T03:23:35.235Z,"20km E of Little Lake, CA",earthquake,0.18,0.29,0.118,14,automatic,ci,ci
2019-10-19T03:18:56.620Z,35.679,-117.5365,6.4,0.75,ml,19,109,0.06273,0.16,ci,ci38906567,2019-10-19T03:22:39.709Z,"14km ENE of Ridgecrest, CA",earthquake,0.34,0.8,0.105,10,automatic,ci,ci
2019-10-19T03:12:50.766Z,63.5068,-150.6575,0,1.6,ml,,,,0.72,ak,ak019deysbgw,2019-10-19T03:25:43.048Z,"86km W of Cantwell, Alaska",earthquake,,0.3,,,automatic,ak,ak
2019-10-19T03:09:51.058Z,66.3313,-157.209,0,1.6,ml,,,,0.59,ak,ak019deyrodp,2019-10-19T03:16:50.179Z,"65km SSW of Kobuk, Alaska",earthquake,,0.4,,,automatic,ak,ak
2019-10-19T03:07:04.119Z,66.1737,-157.159,4.8,1.6,ml,,,,0.92,ak,ak019deyr5cr,2019-10-19T03:20:01.662Z,"82km S of Kobuk, Alaska",earthquake,,0.6,,,automatic,ak,ak
2019-10-19T03:02:22.997Z,66.2933,-157.2326,0,1.8,ml,,,,0.5,ak,ak019deyq47m,2019-10-19T03:13:27.669Z,"70km SSW of Kobuk, Alaska",earthquake,,0.3,,,automatic,ak,ak
2019-10-19T02:57:21.420Z,35.6505,-117.4555,1.5,1.17,ml,22,53,0.02973,0.22,ci,ci38906559,2019-10-19T03:01:07.319Z,"14km SSW of Searles Valley, CA",earthquake,0.29,0.49,0.179,15,automatic,ci,ci
2019-10-19T02:56:04.950Z,34.3178333,-116.9091667,5.87,1.82,ml,63,39,0.05622,0.16,ci,ci38906551,2019-10-19T03:06:32.510Z,"8km N of Big Bear Lake, CA",earthquake,0.19,0.5,0.157,27,automatic,ci,ci
2019-10-19T02:53:28.730Z,19.1195,-67.0928,54,3.05,md,9,236,0.6523,0.6,pr,pr2019292004,2019-10-19T07:41:39.412Z,"68km N of Isabela, Puerto Rico",earthquake,4.08,12.76,0.18,8,reviewed,pr,pr
2019-10-19T02:46:28.019Z,66.271,-157.2539,3.2,2,ml,,,,1.02,ak,ak019deye4iy,2019-10-19T02:53:12.861Z,"72km SSW of Kobuk, Alaska",earthquake,,0.4,,,automatic,ak,ak
2019-10-19T02:46:16.672Z,66.2866,-157.1052,5.4,2,ml,,,,0.73,ak,ak019deye3mr,2019-10-19T02:55:53.732Z,"69km S of Kobuk, Alaska",earthquake,,0.4,,,automatic,ak,ak
2019-10-19T02:38:34.030Z,58.6561,-153.8822,82.4,1.5,ml,,,,0.51,ak,ak019deycf8r,2019-10-19T02:41:29.081Z,"124km NW of Kodiak Station, Alaska",earthquake,,0.8,,,automatic,ak,ak
2019-10-19T02:38:23.184Z,66.2579,-157.2649,6.1,1.7,ml,,,,0.69,ak,ak019deyceg6,2019-10-19T02:51:31.805Z,"74km SSW of Kobuk, Alaska",earthquake,,0.3,,,automatic,ak,ak
2019-10-19T02:37:07.340Z,19.1395,-67.114,73,2.82,md,9,232,0.672,0.84,pr,pr2019292005,2019-10-19T07:41:49.200Z,"71km N of Isabela, Puerto Rico",earthquake,5.68,13.5,0.33,9,reviewed,pr,pr
2019-10-19T02:31:37.080Z,19.1515,-67.2373,58,2.93,md,13,229,0.6955,0.77,pr,pr2019292003,2019-10-19T07:41:26.284Z,"74km N of San Antonio, Puerto Rico",earthquake,5.38,12.26,0.25,13,reviewed,pr,pr
2019-10-19T02:30:13.480Z,35.9061667,-117.7173333,1.76,0.69,ml,10,96,0.06846,0.16,ci,ci38906543,2019-10-19T02:33:44.405Z,"17km E of Little Lake, CA",earthquake,0.27,0.71,0.185,7,automatic,ci,ci
2019-10-19T02:28:56.240Z,66.1505,-157.2754,27.8,1.9,ml,,,,0.97,ak,ak019deyabso,2019-10-19T02:37:48.098Z,"86km SSW of Kobuk, Alaska",earthquake,,0.6,,,automatic,ak,ak
2019-10-19T02:28:35.150Z,33.0876667,-117.2625,6.38,1.39,ml,11,252,0.07153,0.21,ci,ci38906535,2019-10-19T02:32:24.885Z,"6km NNE of Encinitas, CA",earthquake,2.97,31.61,0.326,3,automatic,ci,ci
2019-10-19T02:21:37.493Z,66.3674,-157.6852,0,1.5,ml,,,,1.27,ak,ak019dey8sf9,2019-10-19T02:26:35.846Z,"69km SSW of Kobuk, Alaska",earthquake,,0.6,,,automatic,ak,ak
2019-10-19T02:21:29.820Z,36.7227,-116.306,9.5,0.6,ml,19,70.39,0.073,0.2,nn,nn00707855,2019-10-19T02:58:26.459Z,"45km ESE of Beatty, Nevada",earthquake,,2,,,automatic,nn,nn
2019-10-19T02:04:21.310Z,18.2453,-66.484,38,1.73,md,5,125,0.1952,0.14,pr,pr2019292002,2019-10-19T07:41:13.220Z,"10km S of Ciales, Puerto Rico",earthquake,0.82,1.3,0.25,4,reviewed,pr,pr
2019-10-19T01:53:02.691Z,66.3122,-157.3507,13.5,1.4,ml,,,,0.8,ak,ak019dexu5mh,2019-10-19T02:05:11.189Z,"69km SSW of Kobuk, Alaska",earthquake,,0.3,,,automatic,ak,ak
2019-10-19T01:45:58.150Z,19.2393341,-155.3840027,31.67,2.12,ml,55,143,0.01288,0.14,hv,hv71188246,2019-10-19T01:51:38.930Z,"10km ENE of Pahala, Hawaii",earthquake,0.51,0.7,3.44,7,automatic,hv,hv
2019-10-19T01:44:18.221Z,66.2181,-157.1976,0,1.8,ml,,,,0.96,ak,ak019dexs8oy,2019-10-19T01:55:18.351Z,"78km S of Kobuk, Alaska",earthquake,,0.3,,,automatic,ak,ak
2019-10-19T01:41:01.283Z,66.3256,-157.4349,4.2,2,ml,,,,0.96,ak,ak019dexrk80,2019-10-19T01:53:37.645Z,"69km SSW of Kobuk, Alaska",earthquake,,0.4,,,automatic,ak,ak
2019-10-19T01:38:25.586Z,61.0108,-150.063,43.2,1.7,ml,,,,0.55,ak,ak019dexqz0c,2019-10-19T01:49:45.849Z,"24km SSW of Anchorage, Alaska",earthquake,,0.5,,,automatic,ak,ak
2019-10-19T01:31:37.599Z,66.2261,-157.1994,0.1,1.7,ml,,,,1.01,ak,ak019dexphwg,2019-10-19T01:44:24.189Z,"77km S of Kobuk, Alaska",earthquake,,0.3,,,automatic,ak,ak
2019-10-19T01:28:33.558Z,66.2701,-157.1907,4.8,1.2,ml,,,,0.62,ak,ak019dexoufv,2019-10-19T01:41:43.035Z,"72km S of Kobuk, Alaska",earthquake,,0.5,,,automatic,ak,ak
2019-10-19T00:58:05.377Z,66.2352,-157.1927,0,1.6,ml,,,,1.1,ak,ak019dex9s40,2019-10-19T01:06:25.081Z,"76km S of Kobuk, Alaska",earthquake,,0.4,,,automatic,ak,ak
2019-10-19T00:56:36.650Z,33.895668,-116.6289978,14.19,3.3,ml,118,24,0.05847,0.2,ci,ci38906511,2019-10-19T08:05:13.270Z,"8km W of Garnet, CA",earthquake,0.18,0.41,0.264,16,automatic,ci,ci
2019-10-19T00:55:09.558Z,66.2442,-157.2075,3.2,1.6,ml,,,,0.31,ak,ak019dex95bf,2019-10-19T00:59:43.625Z,"75km S of Kobuk, Alaska",earthquake,,0.5,,,automatic,ak,ak
2019-10-19T00:52:18.630Z,36.09,-117.8705,0.41,2.04,ml,26,56,0.0303,0.21,ci,ci38906503,2019-10-19T00:56:14.908Z,"9km NE of Coso Junction, CA",earthquake,0.33,0.41,0.124,25,automatic,ci,ci
2019-10-19T00:52:09.410Z,35.6521667,-117.4588333,0.94,1.88,ml,24,49,0.03141,0.2,ci,ci38906495,2019-10-19T01:03:01.140Z,"14km SSW of Searles Valley, CA",earthquake,0.26,0.48,0.325,26,automatic,ci,ci
2019-10-19T00:50:25.390Z,35.6633333,-117.4551667,2.41,1.22,ml,18,88,0.0257,0.18,ci,ci38906487,2019-10-19T00:54:08.003Z,"12km SSW of Searles Valley, CA",earthquake,0.29,0.34,0.146,16,automatic,ci,ci
2019-10-19T00:48:09.655Z,66.2696,-157.2156,8.1,1.7,ml,,,,1.1,ak,ak019dex7nbx,2019-10-19T00:57:02.649Z,"72km SSW of Kobuk, Alaska",earthquake,,0.4,,,automatic,ak,ak
2019-10-19T00:48:05.990Z,35.8626667,-117.7041667,8.86,1.3,ml,21,70,0.07314,0.14,ci,ci38906471,2019-10-19T00:51:54.789Z,"20km ESE of Little Lake, CA",earthquake,0.23,0.67,0.23,19,automatic,ci,ci
2019-10-19T00:44:30.200Z,36.0963326,-117.8708344,2.38,2.04,ml,23,87,0.02484,0.14,ci,ci38906463,2019-10-19T00:48:16.762Z,"9km NE of Coso Junction, CA",earthquake,0.28,0.38,0.251,16,automatic,ci,ci
2019-10-19T00:41:12.476Z,63.0594,-149.3157,65.9,2.5,ml,,,,0.58,ak,ak019dex65gs,2019-10-19T00:53:10.368Z,"41km SSW of Cantwell, Alaska",earthquake,,0.6,,,automatic,ak,ak
2019-10-19T00:40:31.840Z,19.294,-67.3056,36,3.24,md,11,304,0.8491,0.38,pr,pr2019292001,2019-10-19T07:40:50.600Z,"91km NNW of San Antonio, Puerto Rico",earthquake,2.63,16.16,0.23,9,reviewed,pr,pr
2019-10-19T00:37:44.975Z,57.9903,-155.3991,0,1.6,ml,,,,0.93,ak,ak019dex5ddq,2019-10-19T02:05:10.761Z,"98km WNW of Larsen Bay, Alaska",earthquake,,1.5,,,automatic,ak,ak
2019-10-19T00:26:57.140Z,35.6625,-117.4525,2.06,1,ml,19,87,0.02361,0.17,ci,ci38906455,2019-10-19T00:30:30.647Z,"12km SSW of Searles Valley, CA",earthquake,0.31,0.47,0.061,12,automatic,ci,ci
2019-10-19T00:26:21.290Z,35.6655,-117.4496667,1.57,1.07,ml,17,94,0.02116,0.21,ci,ci38906447,2019-10-19T00:30:05.643Z,"12km SSW of Searles Valley, CA",earthquake,0.36,0.52,0.122,13,automatic,ci,ci
2019-10-19T00:12:34.061Z,66.2242,-157.2018,0,2.4,ml,,,,0.98,ak,ak019dewzzeh,2019-10-19T00:25:12.551Z,"77km S of Kobuk, Alaska",earthquake,,0.3,,,automatic,ak,ak
2019-10-19T00:06:33.430Z,59.9367,-151.8895,53.9,1.8,ml,,,,0.71,ak,ak019dewyp2n,2019-10-19T00:12:28.838Z,"18km N of Anchor Point, Alaska",earthquake,,0.7,,,automatic,ak,ak
2019-10-19T00:01:14.917Z,69.6548,-144.7371,10,3.3,ml,,153,1.57,0.45,us,us70005vsx,2019-10-19T00:10:17.040Z,"68km SW of Kaktovik, Alaska",earthquake,6.6,2,0.048,58,reviewed,us,us
2019-10-18T23:51:31.720Z,35.9061667,-117.7283333,9.42,0.56,ml,9,106,0.07575,0.06,ci,ci38906423,2019-10-18T23:55:04.620Z,"16km ESE of Little Lake, CA",earthquake,0.57,1.24,0.071,3,automatic,ci,ci
2019-10-18T23:51:01.450Z,35.8748333,-117.6943333,7.77,1.19,ml,24,75,0.08117,0.13,ci,ci38906415,2019-10-18T23:54:47.301Z,"20km ESE of Little Lake, CA",earthquake,0.2,0.54,0.184,18,automatic,ci,ci
2019-10-18T23:48:56.810Z,36.5533333,-121.2541656,18.45,2,md,5,157,0.4208,0.04,nc,nc73293930,2019-10-19T00:09:04.917Z,"10km WNW of Pinnacles, CA",earthquake,0.74,1.38,0.29,2,automatic,nc,nc
2019-10-18T23:43:50.471Z,61.2818,-150.1356,43.8,1.4,ml,,,,0.45,ak,ak019ddncaav,2019-10-18T23:47:03.659Z,"14km WNW of Anchorage, Alaska",earthquake,,0.8,,,automatic,ak,ak
2019-10-18T23:42:16.670Z,33.5915,-116.8118333,5.71,1.22,ml,49,25,0.0399,0.19,ci,ci38906407,2019-10-18T23:53:29.950Z,"13km WNW of Anza, CA",earthquake,0.21,0.49,0.156,26,automatic,ci,ci
2019-10-18T23:40:07.719Z,66.2981,-157.2266,1.1,1.4,ml,,,,0.32,ak,ak019ddnbjur,2019-10-18T23:43:52.769Z,"69km SSW of Kobuk, Alaska",earthquake,,0.4,,,automatic,ak,ak
2019-10-18T23:36:42.555Z,64.4396,-147.9873,9.9,1.3,ml,,,,0.78,ak,ak019ddnaroi,2019-10-18T23:41:41.610Z,"45km SSW of Badger, Alaska",earthquake,,0.3,,,automatic,ak,ak
2019-10-18T23:36:08.699Z,66.3269,-157.2304,0,1.6,ml,,,,0.52,ak,ak019ddnap2d,2019-10-18T23:41:42.079Z,"66km SSW of Kobuk, Alaska",earthquake,,0.3,,,automatic,ak,ak
2019-10-18T23:30:14.510Z,33.9665,-116.777,10.69,0.96,ml,23,76,0.07309,0.16,ci,ci38906399,2019-10-18T23:33:58.298Z,"6km N of Cabazon, CA",earthquake,0.28,0.86,0.154,30,automatic,ci,ci
2019-10-18T23:27:08.128Z,-6.1583,130.8892,96.69,4.4,mb,,75,1.857,1.03,us,us70005vsm,2019-10-18T23:43:40.040Z,"203km NNW of Saumlaki, Indonesia",earthquake,9,7.5,0.17,10,reviewed,us,us
2019-10-18T23:25:29.580Z,35.754,-117.5788333,3.01,1.38,ml,24,64,0.06345,0.19,ci,ci38906383,2019-10-18T23:29:18.736Z,"16km W of Searles Valley, CA",earthquake,0.29,0.54,0.125,22,automatic,ci,ci
2019-10-18T23:23:44.620Z,36.03,-117.8443333,1.41,0.82,ml,10,115,0.04345,0.11,ci,ci38906375,2019-10-18T23:27:26.259Z,"10km E of Coso Junction, CA",earthquake,0.27,0.35,0.166,10,automatic,ci,ci
2019-10-18T23:22:32.770Z,35.7121667,-117.5125,3.53,1.27,ml,27,58,0.08621,0.2,ci,ci38906367,2019-10-18T23:26:13.994Z,"12km WSW of Searles Valley, CA",earthquake,0.33,1.16,0.204,16,automatic,ci,ci
2019-10-18T23:15:06.238Z,65.0098,-147.4887,0.1,1.4,ml,,,,0.87,ak,ak019ddn66uh,2019-10-18T23:21:26.336Z,"21km NNE of Fairbanks, Alaska",explosion,,0.6,,,automatic,ak,ak
2019-10-18T23:12:11.790Z,35.8435,-117.6665,1.49,1.09,ml,20,59,0.06253,0.27,ci,ci38906343,2019-10-18T23:15:54.891Z,"24km ESE of Little Lake, CA",earthquake,0.35,0.57,0.095,14,automatic,ci,ci
2019-10-18T23:11:25.817Z,66.255,-157.3049,15.4,1.5,ml,,,,0.66,ak,ak019ddn5dhh,2019-10-18T23:19:04.019Z,"75km SSW of Kobuk, Alaska",earthquake,,0.6,,,automatic,ak,ak
2019-10-18T23:09:58.780Z,35.7381667,-117.5415,9.51,0.86,ml,14,118,0.08981,0.17,ci,ci38906335,2019-10-18T23:13:38.029Z,"13km WSW of Searles Valley, CA",earthquake,0.49,0.95,0.103,10,automatic,ci,ci
2019-10-18T23:07:51.341Z,66.2421,-157.1981,0,2.3,ml,,,,0.84,ak,ak019ddn4kld,2019-10-18T23:19:03.094Z,"75km S of Kobuk, Alaska",earthquake,,0.3,,,automatic,ak,ak
2019-10-18T23:01:34.623Z,60.9454,-151.6162,64,0.9,ml,,,,0.84,ak,ak019ddn390w,2019-10-18T23:15:41.179Z,"33km NNW of Nikiski, Alaska",earthquake,,1.1,,,automatic,ak,ak
2019-10-18T22:58:36.840Z,34.0648333,-117.5378333,1.87,1.21,ml,31,59,0.02134,0.19,ci,ci38906319,2019-10-18T23:02:18.396Z,"8km SSE of Rancho Cucamonga, CA",earthquake,0.25,0.37,0.182,28,automatic,ci,ci
2019-10-18T22:57:52.675Z,66.3044,-157.2327,0,1.9,ml,,,,0.56,ak,ak019ddmtuvz,2019-10-18T23:01:36.073Z,"69km SSW of Kobuk, Alaska",earthquake,,0.4,,,automatic,ak,ak
2019-10-18T22:57:22.640Z,33.8416667,-117.498,0.57,1.51,ml,39,38,0.0503,0.2,ci,ci38906311,2019-10-19T01:07:38.827Z,"5km SSE of Home Gardens, CA",quarry blast,0.26,31.61,0.177,31,automatic,ci,ci
2019-10-18T22:52:16.321Z,6.7573,125.0737,13.16,5,mww,,58,0.59,0.93,us,us70005vrz,2019-10-18T23:24:21.904Z,"12km W of Magsaysay, Philippines",earthquake,5.6,4.5,0.071,19,reviewed,us,us
2019-10-18T22:44:04.730Z,62.4455,-149.5179,5,1.6,ml,,,,0.58,ak,ak019ddmqyvx,2019-10-18T22:50:12.881Z,"33km ENE of Talkeetna, Alaska",earthquake,,0.4,,,automatic,ak,ak
2019-10-18T22:40:58.636Z,66.3179,-157.5367,23.3,1.7,ml,,,,0.47,ak,ak019ddmq874,2019-10-18T22:52:54.210Z,"71km SSW of Kobuk, Alaska",earthquake,,0.5,,,automatic,ak,ak
2019-10-18T22:40:46.564Z,61.4108,-150.07,19.9,2.7,ml,,,,0.87,ak,ak019ddmq79j,2019-10-19T07:36:12.294Z,"13km SSW of Big Lake, Alaska",earthquake,,0.3,,,automatic,ak,ak
2019-10-18T22:28:26.260Z,38.669,-118.8592,6.3,2.3,ml,19,62.47,0.219,0.17,nn,nn00707830,2019-10-18T22:32:30.730Z,"25km NW of Hawthorne, Nevada",earthquake,,16.4,,,automatic,nn,nn
2019-10-18T22:23:29.503Z,66.2675,-157.2342,1.2,1.9,ml,,,,0.57,ak,ak019ddmmiru,2019-10-18T22:29:17.604Z,"73km SSW of Kobuk, Alaska",earthquake,,0.3,,,automatic,ak,ak
2019-10-18T22:20:29.710Z,34.0273333,-116.7263333,13.62,1.09,ml,30,35,0.06604,0.15,ci,ci38906279,2019-10-18T22:24:14.850Z,"13km NNE of Cabazon, CA",earthquake,0.22,0.54,0.18,28,automatic,ci,ci
2019-10-18T22:19:49.718Z,66.2214,-157.198,0,2.1,ml,,,,1.12,ak,ak019ddmlpga,2019-10-18T22:30:58.192Z,"77km S of Kobuk, Alaska",earthquake,,0.3,,,automatic,ak,ak
2019-10-18T22:18:47.923Z,66.2625,-157.2109,0.8,1.9,ml,,,,0.77,ak,ak019ddmlhl0,2019-10-18T22:29:16.786Z,"73km SSW of Kobuk, Alaska",earthquake,,0.3,,,automatic,ak,ak
2019-10-18T22:18:07.250Z,18.8458333,-155.2225,8.73,1.65,md,35,269,0.3824,0.11,hv,hv71188076,2019-10-18T23:18:22.930Z,"48km SE of Pahala, Hawaii",earthquake,0.93,0.71,0.053,16,reviewed,hv,hv
2019-10-18T22:15:35.287Z,36.6903,-116.3173,10.1,0,ml,13,109.93,0.038,0.2995,nn,nn00707829,2019-10-18T22:30:51.944Z,"46km ESE of Beatty, Nevada",earthquake,,0.5,0.15,4,reviewed,nn,nn
2019-10-18T22:15:02.631Z,66.2725,-157.1769,2.2,2,ml,,,,0.68,ak,ak019ddmkr09,2019-10-18T22:29:16.350Z,"71km S of Kobuk, Alaska",earthquake,,0.3,,,automatic,ak,ak
2019-10-18T22:13:17.244Z,59.7922,-152.1783,62,2.2,ml,,,,0.47,ak,ak019ddmkcny,2019-10-18T22:23:53.394Z,"19km W of Anchor Point, Alaska",earthquake,,0.7,,,automatic,ak,ak
2019-10-18T22:11:32.039Z,66.3258,-157.3749,1.7,2.1,ml,,,,0.77,ak,ak019ddmjye1,2019-10-18T22:21:41.870Z,"68km SSW of Kobuk, Alaska",earthquake,,0.4,,,automatic,ak,ak
2019-10-18T22:11:21.210Z,17.8936,-66.6138,11,2.19,md,8,271,0.1494,0.27,pr,pr2019291016,2019-10-18T22:28:41.325Z,"13km S of Ponce, Puerto Rico",earthquake,1.44,1.01,0.28,6,reviewed,pr,pr
2019-10-18T22:09:40.390Z,58.4218333,-154.3406667,3.68,-0.17,ml,5,309,0.1306,0.24,av,av70853879,2019-10-19T00:06:30.230Z,"100km NNW of Larsen Bay, Alaska",earthquake,1.43,2.92,0.188,4,reviewed,av,av
2019-10-18T22:02:19.397Z,-7.092,129.115,170.84,4.8,mb,,61,2.338,0.93,us,us70005vr7,2019-10-18T22:20:18.040Z,"260km WNW of Saumlaki, Indonesia",earthquake,5.7,8,0.097,33,reviewed,us,us
2019-10-18T21:57:41.355Z,66.4159,-157.4883,7.4,1.5,ml,,,,0.55,ak,ak019ddm8eev,2019-10-18T22:04:57.203Z,"61km SSW of Kobuk, Alaska",earthquake,,0.3,,,automatic,ak,ak
2019-10-18T21:53:44.215Z,66.2932,-157.3261,11.6,1.5,ml,,,,0.56,ak,ak019ddm7kfi,2019-10-18T22:04:56.860Z,"71km SSW of Kobuk, Alaska",earthquake,,0.3,,,automatic,ak,ak
2019-10-18T21:49:16.139Z,61.1282,-150.9532,22.5,1.7,ml,,,,1.28,ak,ak019ddm6mrd,2019-10-18T21:55:14.738Z,"52km NNE of Nikiski, Alaska",earthquake,,0.3,,,automatic,ak,ak
2019-10-18T21:40:36.579Z,60.139,-152.5601,90.7,1.2,ml,,,,0.31,ak,ak019ddm4qvd,2019-10-18T21:51:53.092Z,"39km SSE of Redoubt Volcano, Alaska",earthquake,,0.7,,,automatic,ak,ak
2019-10-18T21:40:24.480Z,35.9161667,-117.6788333,3.46,1.1,ml,18,63,0.03919,0.19,ci,ci38906223,2019-10-18T21:44:07.606Z,"21km E of Little Lake, CA",earthquake,0.35,0.93,0.15,17,automatic,ci,ci
2019-10-18T21:39:07.000Z,35.8901667,-117.7196667,9.18,0.7,ml,11,62,0.08051,0.05,ci,ci38906215,2019-10-18T21:42:44.828Z,"18km ESE of Little Lake, CA",earthquake,0.16,0.61,0.185,7,automatic,ci,ci
2019-10-18T21:34:48.769Z,63.4776,-147.087,35,1.5,ml,,,,0.55,ak,ak019ddm3h8k,2019-10-18T21:47:11.833Z,"91km SW of Delta Junction, Alaska",earthquake,,6.1,,,automatic,ak,ak
2019-10-18T21:34:20.455Z,66.3023,-157.2344,4.4,1.7,ml,,,,1.34,ak,ak019ddm3fbr,2019-10-18T21:44:30.711Z,"69km SSW of Kobuk, Alaska",earthquake,,0.3,,,automatic,ak,ak
2019-10-18T21:28:44.017Z,66.2721,-157.2291,18.1,3.8,ml,,,,0.69,ak,ak019ddm26qz,2019-10-18T21:42:29.463Z,"72km SSW of Kobuk, Alaska",earthquake,,0.5,,,reviewed,ak,ak
2019-10-18T21:25:46.500Z,35.9048333,-117.7173333,2.22,0.41,ml,7,117,0.06928,0.12,ci,ci38906191,2019-10-18T21:29:24.726Z,"17km ESE of Little Lake, CA",earthquake,0.36,0.67,0.191,4,automatic,ci,ci
2019-10-18T21:24:47.141Z,61.0902,-151.5583,82.7,1,ml,,,,0.37,ak,ak019ddm1cgb,2019-10-18T21:35:35.642Z,"46km NNW of Nikiski, Alaska",earthquake,,1.1,,,automatic,ak,ak
2019-10-18T21:18:53.069Z,-18.0149,-174.3901,32.89,5.3,mb,,49,4.363,1.31,us,us70005vqy,2019-10-18T21:42:07.040Z,"82km NNW of Neiafu, Tonga",earthquake,9.1,2,0.038,230,reviewed,us,us
2019-10-18T21:18:39.682Z,61.0166,-147.2151,24.7,1.7,ml,,,,0.39,ak,ak019ddm01cw,2019-10-18T21:25:41.511Z,"48km WSW of Valdez, Alaska",earthquake,,0.3,,,automatic,ak,ak
2019-10-18T21:15:47.399Z,66.2575,-157.1957,0,1.5,ml,,,,0.76,ak,ak019ddlzeo7,2019-10-18T21:22:29.377Z,"73km S of Kobuk, Alaska",earthquake,,0.5,,,automatic,ak,ak
2019-10-18T21:13:24.010Z,35.8933333,-117.722,6.34,0.97,ml,21,61,0.07965,0.17,ci,ci38906175,2019-10-18T21:17:03.192Z,"17km ESE of Little Lake, CA",earthquake,0.29,0.78,0.142,15,automatic,ci,ci
2019-10-18T21:12:30.301Z,66.3064,-156.9272,0,2.8,ml,,,,0.96,ak,ak019ddlyq8b,2019-10-18T22:31:12.040Z,"67km S of Kobuk, Alaska",earthquake,,0.6,,,automatic,ak,ak
2019-10-18T21:11:10.570Z,18.0826,-66.4596,12,1.86,md,5,155,0.1198,0.07,pr,pr2019291015,2019-10-18T22:12:49.188Z,"4km E of Guayabal, Puerto Rico",earthquake,0.94,0.59,0.34,4,reviewed,pr,pr
2019-10-18T21:09:28.575Z,66.304,-157.2192,3.6,1.8,ml,,,,0.64,ak,ak019ddly33j,2019-10-18T21:19:06.596Z,"68km SSW of Kobuk, Alaska",earthquake,,0.3,,,automatic,ak,ak
2019-10-18T21:08:35.062Z,66.2804,-157.4644,17.9,1.6,ml,,,,0.22,ak,ak019ddlxvu4,2019-10-18T21:19:07.010Z,"74km SSW of Kobuk, Alaska",earthquake,,0.5,,,automatic,ak,ak
2019-10-18T21:05:56.460Z,35.7625,-117.5808333,8.71,1.51,ml,26,126,0.05483,0.17,ci,ci38906167,2019-10-18T21:16:56.840Z,"16km W of Searles Valley, CA",earthquake,0.28,0.83,0.228,21,automatic,ci,ci
2019-10-18T21:03:56.466Z,66.2832,-157.2122,0,1.6,ml,,,,0.73,ak,ak019ddlwuwu,2019-10-18T21:15:13.629Z,"71km SSW of Kobuk, Alaska",earthquake,,0.4,,,automatic,ak,ak
2019-10-18T20:49:20.270Z,33.8693352,-117.5056686,1.65,1.29,ml,27,71,0.07231,0.12,ci,ci38906151,2019-10-18T20:53:07.647Z,"2km SE of Home Gardens, CA",earthquake,0.38,0.52,0.2,5,automatic,ci,ci
2019-10-18T20:46:37.901Z,62.4356,-151.2059,86.1,1.6,ml,,,,0.4,ak,ak019ddlklo1,2019-10-18T20:52:47.174Z,"58km WNW of Talkeetna, Alaska",earthquake,,1.6,,,automatic,ak,ak
2019-10-18T20:46:05.694Z,66.2996,-157.2223,0,1.6,ml,,,,0.49,ak,ak019ddlkj6a,2019-10-18T20:54:29.458Z,"69km SSW of Kobuk, Alaska",earthquake,,0.3,,,automatic,ak,ak
2019-10-18T20:44:27.836Z,66.3192,-157.2089,0.1,1.8,ml,,,,0.61,ak,ak019ddlk5o3,2019-10-18T20:54:29.041Z,"67km SSW of Kobuk, Alaska",earthquake,,0.3,,,automatic,ak,ak
2019-10-18T20:41:08.146Z,62.2372,-151.3187,71.8,1.6,ml,,,,0.61,ak,ak019ddljgse,2019-10-18T20:44:25.274Z,"63km W of Talkeetna, Alaska",earthquake,,0.8,,,automatic,ak,ak
2019-10-18T20:40:45.303Z,66.3261,-157.444,17.8,1.6,ml,,,,0.8,ak,ak019ddljbwh,2019-10-18T20:54:29.921Z,"69km SSW of Kobuk, Alaska",earthquake,,0.6,,,automatic,ak,ak
2019-10-18T20:38:46.060Z,35.9178333,-117.7161667,6.3,1.68,ml,34,48,0.06124,0.23,ci,ci38906119,2019-10-18T20:49:40.130Z,"17km E of Little Lake, CA",earthquake,0.28,0.65,0.171,26,automatic,ci,ci
2019-10-18T20:36:26.527Z,66.2664,-157.4682,18.7,1.5,ml,,,,0.75,ak,ak019ddlifjl,2019-10-18T20:44:24.852Z,"76km SSW of Kobuk, Alaska",earthquake,,1.2,,,automatic,ak,ak
2019-10-18T20:33:15.412Z,66.345,-157.3642,13.1,1.5,ml,,,,0.59,ak,ak019ddlhrmz,2019-10-18T20:42:43.872Z,"66km SSW of Kobuk, Alaska",earthquake,,0.3,,,automatic,ak,ak
2019-10-18T20:27:04.303Z,66.1785,-157.3216,5.5,1.5,ml,,,,0.99,ak,ak019ddlgggu,2019-10-18T20:34:11.199Z,"83km SSW of Kobuk, Alaska",earthquake,,0.5,,,automatic,ak,ak
2019-10-18T20:20:24.014Z,64.576,-146.4078,23,1.1,ml,,,,0.49,ak,ak019ddlezz5,2019-10-18T20:23:59.233Z,"24km ENE of Salcha, Alaska",earthquake,,0.3,,,automatic,ak,ak
2019-10-18T20:17:38.230Z,35.9523333,-117.6816667,2.11,0.69,ml,12,53,0.02577,0.17,ci,ci38906103,2019-10-18T20:21:22.449Z,"20km E of Little Lake, CA",earthquake,0.29,0.3,0.216,8,automatic,ci,ci
2019-10-18T20:14:55.680Z,33.364,-116.3973333,7.51,0.63,ml,20,99,0.07344,0.19,ci,ci38906095,2019-10-18T20:18:46.435Z,"12km N of Borrego Springs, CA",earthquake,0.38,1.16,0.158,12,automatic,ci,ci
2019-10-18T20:11:56.970Z,19.1511,-67.3085,10,2.99,md,13,299,0.7115,0.33,pr,pr2019291014,2019-10-18T20:52:13.040Z,"78km N of San Antonio, Puerto Rico",earthquake,1.46,31.61,0.32,10,reviewed,pr,pr
2019-10-18T20:03:39.750Z,35.9793333,-117.4143333,1.33,1.28,ml,20,70,0.09913,0.15,ci,ci38906087,2019-10-18T20:07:15.377Z,"24km N of Searles Valley, CA",earthquake,0.32,0.44,0.283,4,automatic,ci,ci
2019-10-18T20:03:29.400Z,19.2411667,-155.3823333,30.59,1.68,md,51,143,0.01479,0.11,hv,hv71187956,2019-10-18T23:14:29.760Z,"11km ENE of Pahala, Hawaii",earthquake,0.49,0.68,0.072,21,reviewed,hv,hv
2019-10-18T20:01:11.862Z,66.2776,-157.2308,4.5,1.5,ml,,,,0.67,ak,ak019ddlawfm,2019-10-18T20:05:45.616Z,"71km SSW of Kobuk, Alaska",earthquake,,0.5,,,automatic,ak,ak
2019-10-18T20:00:05.660Z,38.8204994,-122.845665,1.45,2.24,md,13,121,0.04129,0.06,nc,nc73293900,2019-10-18T22:14:03.203Z,"9km WNW of The Geysers, CA",earthquake,0.31,0.88,0.19,13,automatic,nc,nc
2019-10-18T19:51:02.340Z,53.9288333,-166.3068333,9.35,1.36,ml,15,173,0.1439,0.36,av,av70853874,2019-10-18T23:08:08.970Z,"16km ENE of Unalaska, Alaska",earthquake,1.73,4.08,0.247,14,reviewed,av,av
2019-10-18T19:49:08.879Z,66.2581,-157.3255,11.5,1.5,ml,,,,1.19,ak,ak019ddkzr9w,2019-10-18T19:53:33.391Z,"75km SSW of Kobuk, Alaska",earthquake,,0.6,,,automatic,ak,ak
2019-10-18T19:47:46.700Z,58.3016667,-154.9788333,4.07,-0.56,ml,5,195,0.04487,0.12,av,av70853849,2019-10-18T22:32:19.010Z,"103km NW of Larsen Bay, Alaska",earthquake,2.85,0.75,0.214,5,reviewed,av,av
2019-10-18T19:44:11.578Z,66.3433,-157.2486,6,1.7,ml,,,,0.61,ak,ak019ddkyomh,2019-10-18T19:51:52.715Z,"64km SSW of Kobuk, Alaska",earthquake,,0.4,,,automatic,ak,ak
2019-10-18T19:35:04.600Z,35.1705,-118.6545,9.83,1.75,ml,39,61,0.06663,0.12,ci,ci38906047,2019-10-18T20:35:26.110Z,"16km ESE of Arvin, CA",earthquake,0.14,0.29,0.159,38,reviewed,ci,ci
2019-10-18T19:34:56.982Z,61.4518,-150.7099,63.3,1.4,ml,,,,0.54,ak,ak019ddkwmxr,2019-10-18T19:46:01.092Z,"40km W of Big Lake, Alaska",earthquake,,1.5,,,automatic,ak,ak
2019-10-18T19:21:16.387Z,66.285,-157.2163,5.16,2.5,ml,,35,0.594,0.83,us,us70005vp7,2019-10-18T20:38:37.040Z,"70km SSW of Kobuk, Alaska",earthquake,2,0.7,0.036,102,reviewed,us,us
2019-10-18T19:18:40.270Z,35.7043333,-117.499,5.88,0.85,ml,17,121,0.07274,0.15,ci,ci38906031,2019-10-18T19:22:10.069Z,"11km SW of Searles Valley, CA",earthquake,0.39,1.26,0.105,10,automatic,ci,ci
2019-10-18T19:16:57.680Z,33.5353333,-116.7438333,13.63,0.98,ml,35,29,0.03048,0.16,ci,ci38906023,2019-10-18T19:20:45.060Z,"7km WSW of Anza, CA",earthquake,0.22,0.46,0.138,25,automatic,ci,ci
2019-10-18T19:16:19.210Z,17.9006,-66.5726,12,2.26,md,6,202,0.1461,0.23,pr,pr2019291013,2019-10-18T22:12:36.132Z,"12km SSE of Ponce, Puerto Rico",earthquake,1.06,0.91,0.11,5,reviewed,pr,pr
2019-10-18T19:15:50.530Z,19.2353333,-155.3821667,30.6,1.68,md,47,146,0.01465,0.11,hv,hv71187891,2019-10-18T23:08:57.220Z,"10km ENE of Pahala, Hawaii",earthquake,0.51,0.72,0.079,20,reviewed,hv,hv
2019-10-18T19:14:10.498Z,28.2024,139.8582,427.98,4.6,mb,,35,2.339,0.74,us,us70005vnn,2019-10-18T20:21:49.040Z,"263km WNW of Chichi-shima, Japan",earthquake,8.9,5.7,0.032,285,reviewed,us,us
2019-10-18T19:09:06.970Z,35.791,-117.6275,10.52,1.45,ml,25,56,0.0347,0.16,ci,ci38906007,2019-10-18T19:19:40.760Z,"19km NNE of Ridgecrest, CA",earthquake,0.25,0.51,0.151,22,automatic,ci,ci
2019-10-18T19:03:52.611Z,66.2911,-157.2169,0,1.6,ml,,,,0.53,ak,ak019ddkpzel,2019-10-18T19:38:09.264Z,"70km SSW of Kobuk, Alaska",earthquake,,0.8,,,automatic,ak,ak
2019-10-18T19:03:35.480Z,44.6098333,-111.1526667,7.99,0.68,md,12,146,0.03724,0.15,uu,uu60345902,2019-10-18T21:32:43.800Z,"6km SSW of West Yellowstone, Montana",earthquake,0.61,0.49,0.312,9,reviewed,uu,uu
2019-10-18T19:01:44.630Z,45.9945,-112.4725,-2,1.61,ml,12,140,0.061,0.09,mb,mb80366994,2019-10-18T20:03:58.270Z,"4km ESE of Butte, Montana",quarry blast,0.43,31.61,0.189,8,reviewed,mb,mb
2019-10-18T18:43:20.720Z,37.6414986,-118.939003,5.48,1.41,md,16,68,0.02451,0.02,nc,nc73293880,2019-10-18T20:59:03.730Z,"4km E of Mammoth Lakes, CA",earthquake,0.46,0.8,0.14,13,automatic,nc,nc
2019-10-18T18:41:18.872Z,66.3468,-157.4591,0,1.7,ml,,,,1.05,ak,ak019ddkcmfv,2019-10-18T18:53:26.471Z,"67km SSW of Kobuk, Alaska",earthquake,,0.6,,,automatic,ak,ak
2019-10-18T18:39:27.309Z,36.12566667,-97.83016667,6.24,1.94,ml,34,50,0.09448145951,0.12,ok,ok2019ulgv,2019-10-18T20:04:10.334Z,"6km ENE of Hennessey, Oklahoma",earthquake,,0.3,0.17,9,reviewed,ok,ok
2019-10-18T18:33:42.210Z,66.3253,-157.3914,14.3,1.7,ml,,,,1.07,ak,ak019ddkayh9,2019-10-18T18:38:03.227Z,"68km SSW of Kobuk, Alaska",earthquake,,1.4,,,automatic,ak,ak
2019-10-18T18:14:10.440Z,19.3250008,-155.1815033,2.53,1.72,md,44,96,0.05537,0.14,hv,hv71187811,2019-10-18T18:17:15.440Z,"13km SSE of Volcano, Hawaii",earthquake,0.31,0.71,0.15,29,automatic,hv,hv
2019-10-18T18:13:30.815Z,59.8625,-136.726,0,1.9,ml,,,,1.02,ak,ak019ddk6na1,2019-10-18T18:19:36.231Z,"91km WNW of Skagway, Alaska",earthquake,,0.6,,,automatic,ak,ak
2019-10-18T18:06:23.228Z,57.4765,-154.9996,36.1,1.8,ml,,,,0.24,ak,ak019ddk54ni,2019-10-18T18:16:25.246Z,"61km W of Larsen Bay, Alaska",earthquake,,1.2,,,automatic,ak,ak
2019-10-18T18:02:34.570Z,36.5731659,-121.1241684,8.85,2.67,md,46,68,0.04932,0.11,nc,nc73293870,2019-10-18T20:04:04.408Z,"5km NNE of Pinnacles, CA",earthquake,0.22,0.54,0.23,52,automatic,nc,nc
2019-10-18T17:50:36.572Z,38.5879,-118.2249,7.7,1.1,ml,6,154.19,0.165,0.1161,nn,nn00707820,2019-10-19T02:08:54.035Z,"35km ENE of Hawthorne, Nevada",earthquake,,4.5,0,1,reviewed,nn,nn
2019-10-18T17:46:20.310Z,36.8255005,-121.8130035,1.06,1.38,md,7,202,0.1881,0.16,nc,nc73293865,2019-10-18T19:22:03.159Z,"4km NW of Moss Landing, CA",earthquake,2.21,9.17,0.04,4,automatic,nc,nc
2019-10-18T17:44:30.016Z,60.1852,-152.7344,91.6,1.9,ml,,,,0.43,ak,ak019ddjrusx,2019-10-18T17:58:21.068Z,"33km S of Redoubt Volcano, Alaska",earthquake,,0.6,,,automatic,ak,ak
2019-10-18T17:33:20.367Z,38.2989,-115.8254,0,1.8,ml,5,176.13,0.195,0.1826,nn,nn00707818,2019-10-19T02:08:52.227Z,"49km ENE of Warm Springs, Nevada",earthquake,,0,0.07,2,reviewed,nn,nn
2019-10-18T17:28:38.485Z,66.2035,-157.1997,0,2,ml,,,,0.82,ak,ak019ddjog08,2019-10-18T17:42:26.468Z,"79km S of Kobuk, Alaska",earthquake,,0.7,,,automatic,ak,ak
2019-10-18T17:18:50.650Z,36.3821678,-120.958168,7.75,2.7,md,44,111,0.06187,0.1,nc,nc73293860,2019-10-18T23:09:11.002Z,"24km SE of Pinnacles, CA",earthquake,0.26,0.62,0.19,43,automatic,nc,nc
2019-10-18T17:16:47.680Z,33.5021667,-116.7955017,4.26,0.69,ml,20,41,0.07963,0.1,ci,ci38905943,2019-10-18T17:20:14.290Z,"9km NE of Aguanga, CA",earthquake,0.31,0.66,0.079,7,automatic,ci,ci
2019-10-18T17:04:58.090Z,35.6633333,-117.4558333,2.24,1.49,ml,28,34,0.02624,0.18,ci,ci38905919,2019-10-18T17:16:03.190Z,"12km SSW of Searles Valley, CA",earthquake,0.24,0.37,0.098,24,automatic,ci,ci
2019-10-18T17:04:21.654Z,63.4541,-148.5071,6.3,1.4,ml,,,,0.93,ak,ak019ddjj9ia,2019-10-18T17:09:40.171Z,"23km ENE of Cantwell, Alaska",earthquake,,0.3,,,automatic,ak,ak
2019-10-18T17:03:25.620Z,19.8348333,-155.6895,8.5,1.71,md,32,191,0.03727,0.25,hv,hv71187721,2019-10-18T21:31:20.250Z,"15km SE of Waikoloa, Hawaii",earthquake,0.8,0.4,0.088,14,reviewed,hv,hv
2019-10-18T17:02:38.788Z,66.2883,-157.2185,3.3,1.9,ml,,,,0.81,ak,ak019ddjivf2,2019-10-18T17:09:40.606Z,"70km SSW of Kobuk, Alaska",earthquake,,0.3,,,automatic,ak,ak
2019-10-18T16:57:16.580Z,19.1896667,-155.4293333,35.53,1.76,md,33,159,0.04606,0.1,hv,hv71187711,2019-10-18T21:15:15.980Z,"5km ESE of Pahala, Hawaii",earthquake,0.74,0.6,0.036,14,reviewed,hv,hv
2019-10-18T16:48:10.117Z,23.166,94.2177,75.52,4.9,mb,,96,0.772,1.14,us,us70005vlj,2019-10-18T17:09:30.040Z,"55km SSW of Mawlaik, Burma",earthquake,6.4,7.1,0.089,40,reviewed,us,us
2019-10-18T16:41:41.170Z,35.9086667,-117.7543333,7.5,1.14,ml,19,57,0.06554,0.15,ci,ci38905887,2019-10-18T17:35:12.976Z,"14km ESE of Little Lake, CA",earthquake,0.25,0.88,0.281,20,reviewed,ci,ci
2019-10-18T16:40:28.860Z,33.6655,-116.7253333,12.44,0.8,ml,23,49,0.04649,0.14,ci,ci38905879,2019-10-18T17:35:15.055Z,"8km S of Idyllwild, CA",earthquake,0.35,0.59,0.133,21,reviewed,ci,ci
2019-10-18T16:39:56.930Z,35.8531667,-117.6826667,4.4,0.99,ml,17,80,0.07863,0.16,ci,ci38905871,2019-10-18T17:35:33.102Z,"22km ESE of Little Lake, CA",earthquake,0.29,0.68,0.114,14,reviewed,ci,ci
2019-10-18T16:38:44.447Z,66.2293,-157.2383,1.2,1.7,ml,,,,0.76,ak,ak019ddj560j,2019-10-18T16:50:46.047Z,"77km SSW of Kobuk, Alaska",earthquake,,0.3,,,automatic,ak,ak
2019-10-18T16:34:39.137Z,61.5927,-149.8485,40.1,1.3,ml,,,,0.33,ak,ak019ddj4aqx,2019-10-18T16:44:04.550Z,"4km SSW of Houston, Alaska",earthquake,,1.9,,,automatic,ak,ak
2019-10-18T16:24:26.566Z,66.2952,-157.4266,0,1.7,ml,,,,0.71,ak,ak019ddj24lr,2019-10-18T16:44:03.861Z,"72km SSW of Kobuk, Alaska",earthquake,,0.4,,,automatic,ak,ak
2019-10-18T16:22:12.985Z,66.2745,-157.4045,8.1,1.7,ml,,,,0.98,ak,ak019ddj1o4y,2019-10-18T16:44:04.200Z,"74km SSW of Kobuk, Alaska",earthquake,,0.3,,,automatic,ak,ak
2019-10-18T16:13:23.314Z,66.1967,-157.2057,11,1.5,ml,,,,0.88,ak,ak019ddizrjo,2019-10-18T16:28:50.732Z,"80km S of Kobuk, Alaska",earthquake,,0.4,,,automatic,ak,ak
2019-10-18T16:11:42.136Z,66.2744,-157.1998,0,1.5,ml,,,,0.98,ak,ak019ddizdik,2019-10-18T16:23:09.468Z,"71km SSW of Kobuk, Alaska",earthquake,,0.3,,,automatic,ak,ak
2019-10-18T16:09:11.303Z,59.2205,-153.4865,32.1,1.5,ml,,,,0.28,ak,ak019ddiyvnx,2019-10-18T16:23:09.016Z,"100km SE of Old Iliamna, Alaska",earthquake,,0.6,,,automatic,ak,ak
2019-10-18T16:03:46.190Z,35.6753333,-117.5556667,3.07,1.73,ml,29,50,0.05429,0.18,ci,ci38905847,2019-10-18T16:14:30.600Z,"12km ENE of Ridgecrest, CA",earthquake,0.25,0.44,0.132,27,automatic,ci,ci
2019-10-18T16:03:21.890Z,17.8853,-66.594,10,2,md,10,202,0.158,0.31,pr,pr2019291012,2019-10-18T19:57:09.335Z,"14km S of Ponce, Puerto Rico",earthquake,0.82,1.06,0.49,8,reviewed,pr,pr
2019-10-18T15:59:27.804Z,67.524,-167.4434,40.97,3.1,mb_lg,,220,1.095,0.53,us,us70005viq,2019-10-18T19:19:33.040Z,"96km SSW of Point Hope, Alaska",earthquake,7.3,10.1,0.117,19,reviewed,us,us
2019-10-18T15:59:13.030Z,33.5343333,-116.5206667,15.4,0.71,ml,26,53,0.02466,0.15,ci,ci38905831,2019-10-18T17:35:55.081Z,"14km E of Anza, CA",earthquake,0.25,0.42,0.097,19,reviewed,ci,ci
2019-10-18T15:56:45.564Z,37.4078,-115.2172,10.6,0.8,ml,8,86.39,0.132,0.5462,nn,nn00707805,2019-10-19T02:08:44.561Z,"6km NW of Alamo, Nevada",earthquake,,7.7,0.13,2,reviewed,nn,nn
2019-10-18T15:54:11.121Z,35.4978,-1.0809,10,4.3,mb,,145,2.085,1.43,us,us70005vin,2019-10-18T19:24:19.877Z,"6km WSW of El Amria, Algeria",earthquake,7.8,2,0.266,4,reviewed,us,us
2019-10-18T15:53:09.830Z,35.9723333,-117.6795,2.27,1.03,ml,16,60,0.03395,0.13,ci,ci38905815,2019-10-18T15:56:49.631Z,"21km E of Little Lake, CA",earthquake,0.26,0.24,0.173,15,automatic,ci,ci
2019-10-18T15:46:41.615Z,66.3342,-157.3682,12.4,1.6,ml,,,,0.52,ak,ak019ddilfx9,2019-10-18T16:11:34.391Z,"67km SSW of Kobuk, Alaska",earthquake,,0.3,,,automatic,ak,ak
2019-10-18T15:43:42.644Z,66.3424,-157.3106,7.6,2.3,ml,,,,0.9,ak,ak019ddiksuy,2019-10-18T16:11:34.059Z,"65km SSW of Kobuk, Alaska",earthquake,,0.4,,,automatic,ak,ak
2019-10-18T15:28:17.480Z,37.6404991,-118.9301682,3.56,1.23,md,13,69,0.02411,0.02,nc,nc73293845,2019-10-18T17:06:02.321Z,"4km E of Mammoth Lakes, CA",earthquake,0.42,0.76,0.21,12,automatic,nc,nc
2019-10-18T15:27:35.930Z,37.6399994,-118.9290009,3.12,0.86,md,9,70,0.02368,0.01,nc,nc73293840,2019-10-18T16:39:04.143Z,"4km E of Mammoth Lakes, CA",earthquake,0.63,1.72,0.13,8,automatic,nc,nc
2019-10-18T15:26:23.600Z,35.7485,-117.5636667,3.2,1.94,ml,31,68,0.07252,0.13,ci,ci38905791,2019-10-18T17:37:03.000Z,"15km W of Searles Valley, CA",earthquake,0.2,0.47,0.172,26,reviewed,ci,ci
2019-10-18T15:24:07.516Z,66.3168,-157.363,14,1.6,ml,,,,1.13,ak,ak019ddigo63,2019-10-18T16:11:33.716Z,"69km SSW of Kobuk, Alaska",earthquake,,0.4,,,automatic,ak,ak
2019-10-18T15:20:01.700Z,33.302,-116.8488333,14.28,0.6,ml,20,68,0.05276,0.19,ci,ci38905775,2019-10-18T15:23:50.444Z,"6km SSE of Palomar Observatory, CA",earthquake,0.34,0.79,0.09,12,automatic,ci,ci
2019-10-18T15:17:21.040Z,19.9955,-155.7248333,34.43,2.19,md,50,137,0.04323,0.09,hv,hv71187651,2019-10-18T21:10:57.750Z,"6km WSW of Waimea, Hawaii",earthquake,0.61,0.59,0.073,22,reviewed,hv,hv
2019-10-18T15:17:15.501Z,66.2984,-157.3811,2.5,2,ml,,,,1.02,ak,ak019ddif68m,2019-10-18T16:11:33.293Z,"71km SSW of Kobuk, Alaska",earthquake,,0.3,,,automatic,ak,ak
2019-10-18T15:15:26.940Z,36.1245,-117.8188333,8.73,0.94,ml,13,154,0.02998,0.16,ci,ci38905767,2019-10-18T15:19:03.325Z,"15km NE of Coso Junction, CA",earthquake,0.43,0.63,0.303,11,automatic,ci,ci
2019-10-18T15:15:11.000Z,33.6883333,-116.7023333,16.39,1.55,ml,42,32,0.02482,0.16,ci,ci38905759,2019-10-18T17:37:05.900Z,"6km SSE of Idyllwild, CA",earthquake,0.23,0.4,0.21,28,reviewed,ci,ci
2019-10-18T15:13:36.370Z,35.7768333,-117.5811667,6.77,1.42,ml,26,113,0.04103,0.18,ci,ci38905751,2019-10-18T15:23:52.400Z,"16km W of Searles Valley, CA",earthquake,0.33,0.79,0.141,22,automatic,ci,ci
2019-10-18T15:13:17.680Z,66.3206,-157.287,7.7,1.5,ml,,,,0.53,ak,ak019ddiebh4,2019-10-18T16:11:32.853Z,"67km SSW of Kobuk, Alaska",earthquake,,0.4,,,automatic,ak,ak
2019-10-18T15:11:59.910Z,58.4665,-154.5251667,4.73,-0.05,ml,7,264,0.02952,0.25,av,av70853829,2019-10-18T21:23:19.270Z,"108km NNW of Larsen Bay, Alaska",earthquake,1.51,0.82,0.123,7,reviewed,av,av
2019-10-18T15:10:14.337Z,66.3335,-157.2448,6.6,1.6,ml,,,,0.86,ak,ak019ddidnzg,2019-10-18T16:11:32.447Z,"65km SSW of Kobuk, Alaska",earthquake,,0.4,,,automatic,ak,ak
2019-10-18T15:06:26.893Z,66.306,-157.2424,8.4,1.6,ml,,,,1.25,ak,ak019ddicu5d,2019-10-18T15:38:21.480Z,"68km SSW of Kobuk, Alaska",earthquake,,0.5,,,automatic,ak,ak
2019-10-18T15:04:29.830Z,58.4748333,-154.52,5.02,-0.03,ml,6,277,0.02378,0.22,av,av70853824,2019-10-18T21:15:15.240Z,"108km NNW of Larsen Bay, Alaska",earthquake,1.31,0.98,0.231,6,reviewed,av,av
2019-10-18T14:59:22.185Z,61.3157,-150.6577,33.7,1.6,ml,,,,0.43,ak,ak019ddi2r50,2019-10-18T15:38:21.079Z,"42km WNW of Anchorage, Alaska",earthquake,,0.3,,,automatic,ak,ak
2019-10-18T14:58:53.030Z,19.4056664,-155.2791595,-0.03,1.74,md,21,41,0.01149,0.09,hv,hv71187631,2019-10-18T15:04:36.550Z,"5km WSW of Volcano, Hawaii",earthquake,0.11,0.21,0.37,16,automatic,hv,hv
2019-10-18T14:54:41.730Z,33.7211667,-116.8348333,14.86,0.95,ml,36,67,0.0816,0.18,ci,ci38905735,2019-10-18T17:36:13.107Z,"6km ESE of Valle Vista, CA",earthquake,0.31,0.44,0.205,28,reviewed,ci,ci
2019-10-18T14:42:49.589Z,66.2445,-157.1947,2.4,1.9,ml,,,,0.78,ak,ak019ddhz62m,2019-10-18T15:33:28.417Z,"75km S of Kobuk, Alaska",earthquake,,0.4,,,automatic,ak,ak
2019-10-18T14:41:30.617Z,66.3099,-157.3758,13,1.4,ml,,,,1.06,ak,ak019ddhywvo,2019-10-18T15:33:27.949Z,"70km SSW of Kobuk, Alaska",earthquake,,0.3,,,automatic,ak,ak
2019-10-18T14:39:52.435Z,66.3608,-157.2521,4,1.9,ml,,,,0.8,ak,ak019ddhyj4f,2019-10-18T15:23:54.785Z,"63km SSW of Kobuk, Alaska",earthquake,,0.6,,,automatic,ak,ak
2019-10-18T14:37:20.868Z,66.3409,-157.4203,11.4,1.8,ml,,,,1.11,ak,ak019ddhy1b3,2019-10-18T15:23:54.324Z,"67km SSW of Kobuk, Alaska",earthquake,,0.4,,,automatic,ak,ak
2019-10-18T14:36:16.897Z,66.4138,-157.256,27.1,2,ml,,,,0.72,ak,ak019ddhxt3t,2019-10-18T15:20:58.716Z,"57km SSW of Kobuk, Alaska",earthquake,,3.8,,,automatic,ak,ak
2019-10-18T14:26:24.171Z,66.244,-157.1986,0,1.8,ml,,,,0.48,ak,ak019ddhvoo3,2019-10-18T15:14:12.974Z,"75km S of Kobuk, Alaska",earthquake,,0.4,,,automatic,ak,ak
2019-10-18T14:21:01.889Z,66.3498,-157.2972,8.7,1.4,ml,,,,0.46,ak,ak019ddhukc8,2019-10-18T15:03:20.374Z,"64km SSW of Kobuk, Alaska",earthquake,,0.3,,,automatic,ak,ak
2019-10-18T14:16:45.430Z,35.859,-117.699,3.08,2.26,ml,36,49,0.07348,0.2,ci,ci38905719,2019-10-18T14:32:20.961Z,"21km ESE of Little Lake, CA",earthquake,0.23,0.93,0.163,25,automatic,ci,ci
2019-10-18T14:16:43.521Z,66.3304,-157.2574,0.8,1.8,ml,,,,1.09,ak,ak019ddhtl0b,2019-10-18T15:03:19.937Z,"66km SSW of Kobuk, Alaska",earthquake,,0.3,,,automatic,ak,ak
2019-10-18T14:09:29.591Z,63.1748,-150.0432,57.9,1.4,ml,,,,1.19,ak,ak019ddhs1fo,2019-10-18T14:52:16.829Z,"59km WSW of Cantwell, Alaska",earthquake,,0.8,,,automatic,ak,ak
2019-10-18T14:03:51.910Z,35.7323333,-117.553,3.54,1.39,ml,27,113,0.09076,0.18,ci,ci38905711,2019-10-18T17:36:38.110Z,"14km WSW of Searles Valley, CA",earthquake,0.29,1,0.1,20,reviewed,ci,ci
2019-10-18T13:55:59.332Z,60.1968,-152.7704,104.8,1.6,ml,,,,0.44,ak,ak019ddhgjir,2019-10-18T14:45:14.506Z,"32km S of Redoubt Volcano, Alaska",earthquake,,0.9,,,automatic,ak,ak
2019-10-18T13:54:57.897Z,66.3,-157.4253,7.6,1.7,ml,,,,0.68,ak,ak019ddhgbn2,2019-10-18T14:48:55.520Z,"71km SSW of Kobuk, Alaska",earthquake,,0.3,,,automatic,ak,ak
2019-10-18T13:53:23.570Z,39.2456665,-123.0975037,4.47,1.53,md,9,170,0.0975,0.03,nc,nc73293820,2019-10-18T14:25:03.349Z,"10km ESE of Redwood Valley, CA",earthquake,0.46,1.96,0.14,6,automatic,nc,nc
2019-10-18T13:48:10.820Z,35.7705,-117.5765,6.73,0.72,ml,13,134,0.04827,0.16,ci,ci38905679,2019-10-18T14:01:59.743Z,"16km W of Searles Valley, CA",earthquake,0.43,0.93,0.128,10,reviewed,ci,ci
2019-10-18T13:42:18.870Z,66.3259,-157.2357,0.1,1.7,ml,,,,0.44,ak,ak019ddhdo3j,2019-10-18T14:42:32.764Z,"66km SSW of Kobuk, Alaska",earthquake,,0.3,,,automatic,ak,ak
2019-10-18T13:39:12.030Z,35.9743333,-117.6738333,2.05,1.39,ml,16,78,0.03252,0.17,ci,ci38905671,2019-10-18T13:42:48.604Z,"21km ENE of Little Lake, CA",earthquake,0.39,0.35,0.184,20,automatic,ci,ci
2019-10-18T13:34:24.770Z,66.3695,-157.4468,11.2,2.2,ml,,,,0.91,ak,ak019ddhbysc,2019-10-18T14:38:51.603Z,"64km SSW of Kobuk, Alaska",earthquake,,0.6,,,automatic,ak,ak
2019-10-18T13:30:31.190Z,66.2578,-157.229,0,2.2,ml,,,,0.64,ak,ak019ddhb4eu,2019-10-18T14:14:13.765Z,"74km SSW of Kobuk, Alaska",earthquake,,0.4,,,automatic,ak,ak
2019-10-18T13:29:07.416Z,39.5361,-120.5675,4.4,0.1,ml,4,242.78,0.266,0.1132,nn,nn00707821,2019-10-19T02:08:55.850Z,"22km E of Downieville, California",earthquake,,7.5,0,1,reviewed,nn,nn
2019-10-18T13:27:28.135Z,66.3137,-157.3976,14.5,2.5,ml,,,,0.92,ak,ak019ddhah2d,2019-10-18T14:30:58.979Z,"70km SSW of Kobuk, Alaska",earthquake,,0.5,,,automatic,ak,ak
2019-10-18T13:26:29.087Z,66.3954,-157.4238,10,3.2,ml,,,,0.7,ak,ak019ddha9mx,2019-10-18T14:18:51.772Z,"61km SSW of Kobuk, Alaska",earthquake,,0.9,,,automatic,ak,ak
2019-10-18T13:25:48.996Z,-18.1447,-178.0902,621.1,5.3,mww,,79,3.693,1,us,us70005vfy,2019-10-18T19:18:31.040Z,"284km NNE of Ndoi Island, Fiji",earthquake,13,8.4,0.075,17,reviewed,us,us
2019-10-18T13:22:29.715Z,36.8614,-116.2121,6.9,0.1,ml,11,82.05,0.052,0.1537,nn,nn00707794,2019-10-19T02:08:40.200Z,"49km E of Beatty, Nevada",earthquake,,2.2,0.05,3,reviewed,nn,nn
2019-10-18T13:18:43.918Z,4.8286,125.2934,63.46,5.1,mb,,108,4.53,1.12,us,us70005vfq,2019-10-18T14:37:11.495Z,"66km SSW of Sarangani, Philippines",earthquake,8.1,8.1,0.098,34,reviewed,us,us
2019-10-18T13:17:51.760Z,35.8626667,-117.6771667,7.44,0.62,ml,10,85,0.07989,0.09,ci,ci38905655,2019-10-18T14:02:17.339Z,"22km ESE of Little Lake, CA",earthquake,0.27,0.95,0.1,5,reviewed,ci,ci
2019-10-18T13:09:01.503Z,66.3176,-157.3215,17.5,5.2,mwr,,,,0.69,ak,ak019ddh6gwg,2019-10-19T04:11:16.334Z,"65km SSW of Kobuk, Alaska",earthquake,,0.9,,,reviewed,ak,ak
2019-10-18T13:08:01.938Z,66.3399,-157.2501,6.2,3.1,ml,,,,0.74,ak,ak019ddh6cfc,2019-10-18T17:38:16.913Z,"65km SSW of Kobuk, Alaska",earthquake,,0.7,,,reviewed,ak,ak
2019-10-18T13:07:09.360Z,33.4848333,-116.7901667,4.29,0.87,ml,35,33,0.09169,0.23,ci,ci38905647,2019-10-18T13:10:54.386Z,"8km NE of Aguanga, CA",earthquake,0.25,0.65,0.114,26,automatic,ci,ci
2019-10-18T13:01:52.905Z,66.3169,-157.2275,0.9,1.6,ml,,,,0.56,ak,ak019ddh4yd6,2019-10-18T13:09:52.516Z,"67km SSW of Kobuk, Alaska",earthquake,,0.3,,,automatic,ak,ak
2019-10-18T12:58:15.000Z,37.578,-118.8571667,-0.33,0.91,md,7,171,0.02532,0.11,nc,nc73293815,2019-10-18T20:03:04.403Z,"13km ESE of Mammoth Lakes, CA",earthquake,0.73,1.29,0.34,7,reviewed,nc,nc
2019-10-18T12:55:55.154Z,60.5272,-142.735,1.3,1,ml,,,,0.22,ak,ak019ddgv3ln,2019-10-18T13:00:10.453Z,"54km NNW of Cape Yakataga, Alaska",earthquake,,5.4,,,automatic,ak,ak
2019-10-18T12:48:55.686Z,66.202,-157.1951,0,2,ml,,,,0.84,ak,ak019ddgtllr,2019-10-18T13:00:10.023Z,"79km S of Kobuk, Alaska",earthquake,,0.3,,,automatic,ak,ak
2019-10-18T12:37:50.670Z,66.2973,-157.2217,0,2.1,ml,,,,0.54,ak,ak019ddgr8do,2019-10-18T12:47:56.278Z,"69km SSW of Kobuk, Alaska",earthquake,,0.3,,,automatic,ak,ak
2019-10-18T12:35:54.951Z,66.2794,-157.3897,9.1,1.7,ml,,,,0.8,ak,ak019ddgqt82,2019-10-18T12:49:36.989Z,"73km SSW of Kobuk, Alaska",earthquake,,0.3,,,automatic,ak,ak
2019-10-18T12:35:30.660Z,35.6765,-117.5226667,7.86,1.35,ml,26,93,0.06621,0.18,ci,ci38905615,2019-10-18T12:39:23.184Z,"15km SW of Searles Valley, CA",earthquake,0.36,0.81,0.167,20,automatic,ci,ci
2019-10-18T12:35:21.810Z,33.5185,-116.5186667,12.3,1.43,ml,47,45,0.04024,0.19,ci,ci38905607,2019-10-18T14:03:11.230Z,"15km ESE of Anza, CA",earthquake,0.21,0.37,0.202,26,reviewed,ci,ci
2019-10-18T12:35:08.040Z,33.5218333,-116.5125,13.51,0.75,ml,23,56,0.03878,0.16,ci,ci38905599,2019-10-18T12:38:50.180Z,"15km ESE of Anza, CA",earthquake,0.3,0.47,0.21,20,automatic,ci,ci
2019-10-18T12:32:51.204Z,60.675,-152.035,99.3,1.6,ml,,,,0.2,ak,ak019ddgq5su,2019-10-18T12:40:42.996Z,"40km W of Nikiski, Alaska",earthquake,,0.9,,,automatic,ak,ak
2019-10-18T12:30:48.950Z,33.6723333,-116.7581667,15.1,0.83,ml,30,51,0.05335,0.19,ci,ci38905591,2019-10-18T14:02:42.674Z,"8km SSW of Idyllwild, CA",earthquake,0.35,0.57,0.155,21,reviewed,ci,ci
2019-10-18T12:23:54.170Z,58.1871667,-155.2978333,1.29,-0.6,ml,5,151,0.02795,0.02,av,av70853804,2019-10-18T20:55:05.680Z,"97km SE of King Salmon, Alaska",earthquake,0.34,0.75,0.316,5,reviewed,av,av
2019-10-18T12:15:06.220Z,35.6448333,-117.447,8.94,1.32,ml,25,69,0.02775,0.18,ci,ci38905575,2019-10-18T14:03:16.460Z,"14km SSW of Searles Valley, CA",earthquake,0.31,0.5,0.162,19,reviewed,ci,ci
2019-10-18T12:12:01.342Z,66.2462,-157.2817,0,2.4,ml,,,,1.19,ak,ak019ddglrnq,2019-10-18T17:55:10.556Z,"75km SSW of Kobuk, Alaska",earthquake,,0.4,,,automatic,ak,ak
2019-10-18T12:10:16.911Z,66.4159,-157.3468,9.1,2.7,ml,,,,0.56,ak,ak019ddgldgc,2019-10-18T12:23:38.844Z,"58km SSW of Kobuk, Alaska",earthquake,,1,,,automatic,ak,ak
2019-10-18T12:02:06.840Z,35.9335,-117.6788333,2.48,1.86,ml,29,40,0.0272,0.21,ci,ci38905567,2019-10-18T12:13:21.800Z,"20km E of Little Lake, CA",earthquake,0.21,0.38,0.116,25,automatic,ci,ci
2019-10-18T12:01:30.410Z,35.908,-98.52233333,7,2.63,ml,94,35,0.1880630956,0.25,ok,ok2019uktr,2019-10-18T16:52:01.516Z,"11km NW of Watonga, Oklahoma",earthquake,,0.6,0.23,37,reviewed,ok,ok
2019-10-18T11:56:59.440Z,36.9568329,-121.5774994,5.45,1.95,md,30,50,0.003951,0.12,nc,nc73293805,2019-10-18T13:26:02.975Z,"6km S of Gilroy, CA",earthquake,0.27,0.42,0.22,27,automatic,nc,nc
2019-10-18T11:56:26.270Z,66.1691,-157.1974,1.1,1.7,ml,,,,0.87,ak,ak019ddg9thj,2019-10-18T12:03:32.153Z,"83km S of Kobuk, Alaska",earthquake,,0.3,,,automatic,ak,ak
2019-10-18T11:52:08.528Z,66.2683,-157.273,12.1,1.7,ml,,,,1.07,ak,ak019ddg8x90,2019-10-18T12:05:43.101Z,"73km SSW of Kobuk, Alaska",earthquake,,0.9,,,automatic,ak,ak
2019-10-18T11:50:42.379Z,66.3522,-157.2416,0,1.5,ml,,,,0.4,ak,ak019ddg8kfh,2019-10-18T12:05:43.455Z,"63km SSW of Kobuk, Alaska",earthquake,,0.4,,,automatic,ak,ak
2019-10-18T11:50:28.790Z,44.1073333,-114.2935,12.28,1.49,ml,6,104,0.552,0.04,mb,mb80366974,2019-10-18T16:47:40.540Z,"44km S of Challis, Idaho",earthquake,0.82,1.42,0.371,5,reviewed,mb,mb
2019-10-18T11:47:55.900Z,35.6666667,-117.523,10.11,1.58,ml,21,87,0.05825,0.19,ci,ci38905559,2019-10-18T14:04:19.840Z,"15km ENE of Ridgecrest, CA",earthquake,0.36,0.67,0.172,25,reviewed,ci,ci
2019-10-18T11:47:15.361Z,59.3923,-152.9027,80.3,1.9,ml,,,,0.39,ak,ak019ddg7v7t,2019-10-18T11:58:40.517Z,"74km SW of Anchor Point, Alaska",earthquake,,0.7,,,automatic,ak,ak
2019-10-18T11:44:16.130Z,35.757,-117.5793333,3.06,1.7,ml,31,64,0.06045,0.18,ci,ci38905551,2019-10-18T14:04:23.420Z,"16km W of Searles Valley, CA",earthquake,0.26,0.52,0.121,25,reviewed,ci,ci
2019-10-18T11:42:31.663Z,66.3136,-156.9565,3.4,3.1,ml,,,,0.9,ak,ak019ddg6tr3,2019-10-18T11:47:56.946Z,"66km S of Kobuk, Alaska",earthquake,,0.9,,,automatic,ak,ak
2019-10-18T11:42:13.530Z,19.209,-67.3241,37,2.99,md,10,323,0.7715,0.28,pr,pr2019291011,2019-10-18T16:06:48.733Z,"82km NNW of San Antonio, Puerto Rico",earthquake,1.65,8.71,0.17,9,reviewed,pr,pr
2019-10-18T11:38:45.480Z,58.4328333,-154.8665,8.42,-0.75,ml,7,114,0.06063,0.06,av,av70853799,2019-10-18T20:50:33.020Z,"108km ESE of King Salmon, Alaska",earthquake,0.34,1.61,0.138,5,reviewed,av,av
2019-10-18T11:37:31.050Z,33.9271667,-116.801,17.59,1.76,ml,87,24,0.01941,0.17,ci,ci38905543,2019-10-18T18:55:08.260Z,"2km NW of Cabazon, CA",earthquake,0.13,0.26,0.142,68,reviewed,ci,ci
2019-10-18T11:33:38.640Z,35.6741667,-117.4741667,4.65,1.24,ml,14,123,0.04209,0.21,ci,ci38905535,2019-10-18T11:37:21.521Z,"12km SSW of Searles Valley, CA",earthquake,0.42,0.77,0.127,16,automatic,ci,ci
2019-10-18T11:32:59.420Z,44.118,-114.2998333,7.89,1.47,ml,6,105,0.561,0.12,mb,mb80366969,2019-10-18T16:43:01.840Z,"43km S of Challis, Idaho",earthquake,1.52,3.26,0.216,6,reviewed,mb,mb
2019-10-18T11:30:06.760Z,35.7746667,-117.5903333,4.48,1.03,ml,20,110,0.0414,0.19,ci,ci38905527,2019-10-18T14:03:28.484Z,"17km W of Searles Valley, CA",earthquake,0.35,0.66,0.076,13,reviewed,ci,ci
2019-10-18T11:29:36.974Z,66.364,-157.0181,27.5,1.6,ml,,,,1.77,ak,ak019ddg41z5,2019-10-18T11:39:45.279Z,"60km S of Kobuk, Alaska",earthquake,,1.3,,,automatic,ak,ak
2019-10-18T11:25:24.209Z,66.3638,-157.3136,10.6,2.2,ml,,,,1.01,ak,ak019ddg365q,2019-10-18T11:35:34.103Z,"63km SSW of Kobuk, Alaska",earthquake,,0.6,,,automatic,ak,ak
2019-10-18T11:22:46.199Z,39.357,-119.9888,9,0,ml,8,87.14,0.177,0.0971,nn,nn00707823,2019-10-19T02:08:58.428Z,"11km N of Incline Village, Nevada",earthquake,,3.5,0.74,3,reviewed,nn,nn
2019-10-18T11:22:02.740Z,35.9225,-117.7185,2.64,1.72,ml,25,42,0.06082,0.15,ci,ci38905519,2019-10-18T11:25:45.740Z,"17km E of Little Lake, CA",earthquake,0.2,0.33,0.163,25,automatic,ci,ci
2019-10-18T11:20:25.453Z,66.3192,-157.2432,10.9,1.6,ml,,,,0.68,ak,ak019ddg23pc,2019-10-18T11:33:53.403Z,"67km SSW of Kobuk, Alaska",earthquake,,0.3,,,automatic,ak,ak
2019-10-18T11:20:15.900Z,37.640667,-118.9523315,4.25,0.94,md,15,89,0.02424,0.01,nc,nc73293785,2019-10-18T11:51:04.399Z,"2km E of Mammoth Lakes, CA",earthquake,0.39,0.68,0.27,15,automatic,nc,nc
2019-10-18T11:17:48.060Z,19.2089996,-155.4221649,35.35,1.93,md,43,142,0.0367,0.17,hv,hv71187481,2019-10-18T11:21:03.770Z,"6km E of Pahala, Hawaii",earthquake,0.55,0.7,0.04,3,automatic,hv,hv
2019-10-18T11:16:24.360Z,58.2681667,-155.03,3.34,-0.62,ml,7,204,0.03322,0.33,av,av70853794,2019-10-18T20:47:00.820Z,"102km NW of Larsen Bay, Alaska",earthquake,2.11,2.3,0.212,7,reviewed,av,av
2019-10-18T11:16:04.730Z,35.771,-117.5976667,3.63,1.19,ml,14,149,0.04464,0.15,ci,ci38905511,2019-10-18T11:20:03.665Z,"18km W of Searles Valley, CA",earthquake,0.47,0.82,0.16,18,automatic,ci,ci
2019-10-18T11:15:03.250Z,58.2788333,-155.0445,4.24,0.23,ml,12,195,0.02011,0.16,av,av70853789,2019-10-18T20:38:56.720Z,"103km NW of Larsen Bay, Alaska",earthquake,0.65,0.43,0.187,11,reviewed,av,av
2019-10-18T11:13:57.790Z,58.2725,-155.0251667,2.79,-0.38,ml,9,203,0.0312,0.14,av,av70853784,2019-10-18T20:04:41.540Z,"102km NW of Larsen Bay, Alaska",earthquake,0.79,0.34,0.241,8,reviewed,av,av
2019-10-18T11:13:49.150Z,35.9295,-117.7361667,9.6,1.71,ml,30,46,0.06907,0.14,ci,ci38905503,2019-10-18T11:24:52.560Z,"15km E of Little Lake, CA",earthquake,0.2,0.42,0.169,26,automatic,ci,ci
2019-10-18T11:04:34.877Z,66.2128,-157.1983,0,1.6,ml,,,,0.93,ak,ak019ddfyowv,2019-10-18T11:14:38.291Z,"78km S of Kobuk, Alaska",earthquake,,0.4,,,automatic,ak,ak
2019-10-18T10:56:20.649Z,6.8161,124.9783,10,4.9,mb,,59,0.647,0.54,us,us70005ve0,2019-10-18T11:35:18.040Z,"7km ENE of Bual, Philippines",earthquake,5,1.9,0.084,44,reviewed,us,us
2019-10-18T10:55:38.343Z,36.8828,-113.8797,16.8,1.6,ml,6,169.42,0.524,0.4188,nn,nn00707780,2019-10-19T02:08:38.552Z,"4km E of Littlefield, Arizona",earthquake,,2.6,0.07,2,reviewed,nn,nn
2019-10-18T10:54:25.316Z,66.2594,-157.1994,0,1.9,ml,,,,0.87,ak,ak019ddfnycy,2019-10-18T11:02:45.466Z,"73km S of Kobuk, Alaska",earthquake,,0.3,,,automatic,ak,ak
2019-10-18T10:54:12.525Z,-15.3441,-172.3076,10,4.9,mb,,107,1.516,0.9,us,us70005vei,2019-10-18T11:49:02.040Z,"158km SSW of Lotofaga, Samoa",earthquake,8.4,1.9,0.094,35,reviewed,us,us
2019-10-18T10:48:41.661Z,59.3844,-153.5733,112.1,1.9,ml,,,,0.83,ak,ak019ddfmpaz,2019-10-18T10:54:12.864Z,"86km ESE of Old Iliamna, Alaska",earthquake,,0.4,,,automatic,ak,ak
2019-10-18T10:45:22.066Z,60.5011,-143.1592,8.8,0.6,ml,,,,0.15,ak,ak019ddflvnp,2019-10-18T16:11:31.742Z,"63km NW of Cape Yakataga, Alaska",earthquake,,0.3,,,reviewed,ak,ak
2019-10-18T10:42:35.529Z,60.6314,-145.5197,1.4,1.2,ml,,,,0.47,ak,ak019ddflejh,2019-10-18T15:45:05.059Z,"16km NE of Cordova, Alaska",earthquake,,0.3,,,reviewed,ak,ak
2019-10-18T10:32:53.751Z,32.8536,73.6478,43.94,4.7,mb,,121,4.19,1.39,us,us70005vdm,2019-10-19T08:10:21.911Z,"11km SW of Jhelum, Pakistan",earthquake,10.6,6.7,0.097,32,reviewed,us,us
2019-10-18T10:17:50.201Z,66.3152,-157.2142,0,2.5,ml,,,,1.01,ak,ak019ddfg2r8,2019-10-18T10:31:48.043Z,"67km SSW of Kobuk, Alaska",earthquake,,0.3,,,automatic,ak,ak
2019-10-18T10:16:07.562Z,66.3296,-157.4539,9.2,1.7,ml,,,,1.29,ak,ak019ddffrur,2019-10-18T10:30:07.302Z,"69km SSW of Kobuk, Alaska",earthquake,,0.4,,,automatic,ak,ak
2019-10-18T10:13:24.047Z,66.3812,-157.3285,9.1,1.8,ml,,,,0.34,ak,ak019ddff5x0,2019-10-18T10:25:45.254Z,"61km SSW of Kobuk, Alaska",earthquake,,0.4,,,automatic,ak,ak
2019-10-18T10:11:39.850Z,35.5673333,-117.397,7.69,2.56,ml,38,42,0.0499,0.16,ci,ci38905479,2019-10-19T02:46:35.373Z,"22km S of Trona, CA",earthquake,0.25,0.52,0.097,25,automatic,ci,ci
2019-10-18T10:04:35.928Z,64.9547,-148.5688,10,0.5,ml,,,,0.4,ak,ak019ddfd8w1,2019-10-18T15:41:43.510Z,"28km WNW of Ester, Alaska",earthquake,,0,,,reviewed,ak,ak
2019-10-18T10:04:21.899Z,35.90966667,-98.52383333,7,2.49,ml,69,78,0.188962919,0.24,ok,ok2019ukpv,2019-10-18T15:15:00.047Z,"12km NW of Watonga, Oklahoma",earthquake,,0.6,0.17,23,reviewed,ok,ok
2019-10-18T10:04:09.810Z,35.7815,-117.6211667,10.2,0.87,ml,13,96,0.03921,0.15,ci,ci38905471,2019-10-18T14:04:03.487Z,"18km NNE of Ridgecrest, CA",earthquake,0.45,0.78,0.097,9,reviewed,ci,ci
2019-10-18T10:03:03.124Z,66.3174,-157.198,4.5,1.5,ml,,,,0.49,ak,ak019ddfcz54,2019-10-18T10:13:41.944Z,"67km SSW of Kobuk, Alaska",earthquake,,0.4,,,automatic,ak,ak
